motif_name,motif_type,bridging_nts_0,bridging_nts_1
TWOWAY.3R9X.1-0.GGG-CC.0,TWOWAY,3,2
TWOWAY.6JDV.0-1.CC-GUG.0,TWOWAY,2,3
TWOWAY.6JDV.5-5.CUCCCUU-ACCGUUG.0,TWOWAY,7,7
TWOWAY.6JDV.3-1.GCUCU-AUC.0,TWOWAY,5,3
TWOWAY.7EQG.5-5.3-4-0-0.CACGG-DCDCDG-DG-DT,NWAY,5,5
TWOWAY.7EQG.5-5.3-0-0-0-0-0.GAUGU-DA-DA-DC-DC-DT,NWAY,5,5
TWOWAY.7EQG.4-4.2-2-0-0.GCUU-DADA-DC-DG,NWAY,4,4
TWOWAY.7EQG.4-4.2-4-0.CGUC-DADCDG-DG,NWAY,4,4
TWOWAY.7YNC.1-1.GAA-UUC.0,TWOWAY,3,3
TWOWAY.7YNC.3-3.0--1-1.AA-G-UUC,NWAY,3,3
TWOWAY.4U35.3-3.-1--1-1-0--1.C-C-SUR-UG-G,NWAY,3,3
TWOWAY.4R4V.0-1.UG-UUA.0,TWOWAY,2,3
TWOWAY.4R4V.1-0.CAG-CG.0,TWOWAY,3,2
TWOWAY.4R4V.0-1.CA-UAG.0,TWOWAY,2,3
TWOWAY.4R4V.2-0.UAAG-CA.0,TWOWAY,4,2
TWOWAY.4R4V.1-3.GAC-GCAGC.0,TWOWAY,3,5
TWOWAY.4R4V.3-2.CGAAG-CAAG.0,TWOWAY,5,4
TWOWAY.6TB3.7-4.GUUAUCUUU-UGAUCA.0,TWOWAY,9,6
TWOWAY.6TB3.8-22.CAGCGAAAUG-GUGAAUUGCAGAAUUCCGUGAAUC.0,TWOWAY,10,24
TWOWAY.6TB3.1-0.UCA-UA.0,TWOWAY,3,2
TWOWAY.6TB3.0-1.AG-CAU.0,TWOWAY,2,3
TWOWAY.6TB3.2-2.AUCA-UGGU.0,TWOWAY,4,4
TWOWAY.6TB3.0-1.CC-GUG.0,TWOWAY,2,3
TWOWAY.6TB3.4-2.CCAAUC-GGAG.0,TWOWAY,6,4
TWOWAY.6TB3.0-1.AU-AAU.0,TWOWAY,2,3
TWOWAY.6TB3.2-2.UACA-UUAA.0,TWOWAY,4,4
TWOWAY.6TB3.1-0.GUG-CC.0,TWOWAY,3,2
TWOWAY.6TB3.0-1.GA-UAC.0,TWOWAY,2,3
TWOWAY.6TB3.1-0.GGA-UU.0,TWOWAY,3,2
TWOWAY.6TB3.0-1.GG-CAC.0,TWOWAY,2,3
TWOWAY.6TB3.1-0.GUG-CC.1,TWOWAY,3,2
TWOWAY.6TB3.0-1.CG-CAG.0,TWOWAY,2,3
TWOWAY.6TB3.2-3.GACC-GCGUC.0,TWOWAY,4,5
TWOWAY.6TB3.1-0.AUC-GU.0,TWOWAY,3,2
TWOWAY.6TB3.1-0.CAA-UG.0,TWOWAY,3,2
TWOWAY.6TB3.1-0.GUU-AC.0,TWOWAY,3,2
TWOWAY.6TB3.1-0.GAC-GU.0,TWOWAY,3,2
TWOWAY.6TB3.0-1.UG-CAG.0,TWOWAY,2,3
TWOWAY.6TB3.0-1.CC-GAG.0,TWOWAY,2,3
TWOWAY.6TB3.0-1.AU-AUU.0,TWOWAY,2,3
TWOWAY.6TB3.4-5.GUGAAG-UGGAGGC.0,TWOWAY,6,7
TWOWAY.6TB3.1-0.CUG-CG.0,TWOWAY,3,2
TWOWAY.6TB3.1-0.UAG-CA.0,TWOWAY,3,2
TWOWAY.6TB3.0-1.AU-AGU.0,TWOWAY,2,3
TWOWAY.6TB3.7-6.UUUAAAUAU-GAGGUAAA.0,TWOWAY,9,8
TWOWAY.6TB3.1-0.UAC-GA.0,TWOWAY,3,2
TWOWAY.6TB3.1-0.GUG-CC.2,TWOWAY,3,2
TWOWAY.6TB3.1-0.CAG-CG.0,TWOWAY,3,2
TWOWAY.6TB3.1-0.UAG-CG.0,TWOWAY,3,2
TWOWAY.6TB3.1-0.GAU-GC.0,TWOWAY,3,2
TWOWAY.6TB3.1-3.CCC-GUGCG.0,TWOWAY,3,5
TWOWAY.6TB3.0-1.CU-GAG.0,TWOWAY,2,3
TWOWAY.6TB3.5-2.CUGAAUG-CGCG.0,TWOWAY,7,4
TWOWAY.6TB3.1-0.GUU-AC.1,TWOWAY,3,2
TWOWAY.6TB3.6-6.CAUAGAGG-CUUUAUAG.0,TWOWAY,8,8
TWOWAY.6TB3.0-1.GG-CAC.1,TWOWAY,2,3
TWOWAY.6TB3.0-1.CG-CAG.1,TWOWAY,2,3
TWOWAY.6TB3.10-6.GAUACGAAUAAG-CGCUGAAC.0,TWOWAY,12,8
TWOWAY.6TB3.0-1.CC-GUG.1,TWOWAY,2,3
TWOWAY.6TB3.0-1.CG-UUG.0,TWOWAY,2,3
TWOWAY.6TB3.4-3.GUAGAG-CGAUC.0,TWOWAY,6,5
TWOWAY.6TB3.0-1.CU-AAG.0,TWOWAY,2,3
TWOWAY.6TB3.1-4.CCG-CUGUAG.0,TWOWAY,3,6
TWOWAY.6TB3.2-0.UCGU-AA.0,TWOWAY,4,2
TWOWAY.6TB3.0-2.AC-GAAU.0,TWOWAY,2,4
TWOWAY.6TB3.0-2.UU-AGUG.0,TWOWAY,2,4
TWOWAY.6TB3.0-2.GG-CAAC.0,TWOWAY,2,4
TWOWAY.6TB3.2-0.CCAG-CG.0,TWOWAY,4,2
TWOWAY.6TB3.0-2.UG-UAAA.0,TWOWAY,2,4
TWOWAY.6TB3.0-2.GA-UACC.0,TWOWAY,2,4
TWOWAY.6TB3.2-0.GUCC-GC.0,TWOWAY,4,2
TWOWAY.6TB3.2-6.CUCU-AACGUGAG.0,TWOWAY,4,8
TWOWAY.6TB3.0-2.CU-AUUG.0,TWOWAY,2,4
TWOWAY.6TB3.0-2.CC-GUUG.0,TWOWAY,2,4
TWOWAY.6TB3.4-0.UUUCGA-UG.0,TWOWAY,6,2
TWOWAY.6TB3.0-4.UG-UUUGUA.0,TWOWAY,2,6
TWOWAY.6TB3.3-3.0-1--1.GA-AAU-U,NWAY,3,3
TWOWAY.6TB3.1-1.UGU-AGA.0,TWOWAY,3,3
TWOWAY.6TB3.1-1.GGA-UAC.0,TWOWAY,3,3
TWOWAY.6TB3.3-3.AGGGC-GUCUU.0,TWOWAY,5,5
TWOWAY.6TB3.1-1.GCU-AAC.0,TWOWAY,3,3
TWOWAY.6TB3.1-1.CGG-CGG.0,TWOWAY,3,3
TWOWAY.6TB3.1-1.UUU-AUG.0,TWOWAY,3,3
TWOWAY.6TB3.1-1.UUC-GGA.0,TWOWAY,3,3
TWOWAY.6TB3.1-1.GGU-GAC.0,TWOWAY,3,3
TWOWAY.6TB3.1-1.UAU-AGA.0,TWOWAY,3,3
TWOWAY.6TB3.5-8.UUGUCAG-CUUGGAUUUA.0,TWOWAY,7,10
TWOWAY.6TB3.1-1.CCU-GCG.0,TWOWAY,3,3
TWOWAY.6TB3.1-1.ACA-UUU.0,TWOWAY,3,3
TWOWAY.6TB3.1-1.UGG-CGA.0,TWOWAY,3,3
TWOWAY.6TB3.4-5.GUCGCU-AAAAGUC.0,TWOWAY,6,7
TWOWAY.6TB3.1-1.UAC-GAA.0,TWOWAY,3,3
TWOWAY.6TB3.1-1.UUA-UUG.0,TWOWAY,3,3
TWOWAY.6TB3.4-4.UGAGGC-GACAAA.0,TWOWAY,6,6
TWOWAY.6TB3.1-1.AAG-CAU.0,TWOWAY,3,3
TWOWAY.6TB3.1-1.CUG-CCG.0,TWOWAY,3,3
TWOWAY.6TB3.1-1.UUU-AUA.0,TWOWAY,3,3
TWOWAY.6TB3.1-1.GUC-GCU.0,TWOWAY,3,3
TWOWAY.6TB3.5-8.CCGAAAG-CUAGUAGCUG.0,TWOWAY,7,10
TWOWAY.6TB3.4-4.AUUAGA-UAUUCU.0,TWOWAY,6,6
TWOWAY.6TB3.1-1.CUU-GUG.0,TWOWAY,3,3
TWOWAY.6TB3.1-1.AUU-ACU.0,TWOWAY,3,3
TWOWAY.6TB3.1-1.GGC-GAC.0,TWOWAY,3,3
TWOWAY.6TB3.1-1.AAG-CCU.0,TWOWAY,3,3
TWOWAY.6TB3.1-1.GCU-AAC.1,TWOWAY,3,3
TWOWAY.6TB3.1-1.GAU-ACC.0,TWOWAY,3,3
TWOWAY.6TB3.1-1.CAC-GCG.0,TWOWAY,3,3
TWOWAY.6TB3.1-1.AUA-UUU.0,TWOWAY,3,3
TWOWAY.6TB3.4-4.CACUUG-CUUGGG.0,TWOWAY,6,6
TWOWAY.6TB3.2-1.CAUG-UGG.0,TWOWAY,4,3
TWOWAY.6TB3.1-2.GAC-GUUU.0,TWOWAY,3,4
TWOWAY.6TB3.2-1.CUAC-GAG.0,TWOWAY,4,3
TWOWAY.6TB3.4-6.CCGCCC-GUAACAAG.0,TWOWAY,6,8
TWOWAY.6TB3.5-4.CGAUUGA-UUAGAG.0,TWOWAY,7,6
TWOWAY.6TB3.2-1.GGUU-AUC.0,TWOWAY,4,3
TWOWAY.6TB3.1-2.UGA-UGCA.0,TWOWAY,3,4
TWOWAY.6TB3.2-1.GCGG-UAC.0,TWOWAY,4,3
TWOWAY.6TB3.1-2.GAA-UACC.0,TWOWAY,3,4
TWOWAY.6TB3.1-2.UAG-UGGG.0,TWOWAY,3,4
TWOWAY.6TB3.2-1.AGUG-CAU.0,TWOWAY,4,3
TWOWAY.6TB3.2-2.GUUA-UUUC.0,TWOWAY,4,4
TWOWAY.6TB3.2-2.CGAC-GAAG.0,TWOWAY,4,4
TWOWAY.6TB3.2-2.GGAU-GCAC.0,TWOWAY,4,4
TWOWAY.6TB3.5-7.UGCAUGG-UCUGUGAUG.0,TWOWAY,7,9
TWOWAY.6TB3.2-2.AAUA-UUCU.0,TWOWAY,4,4
TWOWAY.6TB3.1-3.GUG-UUAUC.0,TWOWAY,3,5
TWOWAY.6TB3.2-2.CUUG-CUUG.0,TWOWAY,4,4
TWOWAY.6TB3.6-6.CUCAGGAU-AGAAUUUG.0,TWOWAY,8,8
TWOWAY.6TB3.2-2.UUAG-CAGA.0,TWOWAY,4,4
TWOWAY.6TB3.3-1.UUCCG-UGA.0,TWOWAY,5,3
TWOWAY.6TB3.1-3.GGA-UUUUC.0,TWOWAY,3,5
TWOWAY.6TB3.2-2.UUGA-UACA.0,TWOWAY,4,4
TWOWAY.6TB3.3-1.CAACG-UUG.0,TWOWAY,5,3
TWOWAY.6TB3.4-1.UCUAAG-CUG.0,TWOWAY,6,3
TWOWAY.6TB3.1-4.GGG-CGAUUC.0,TWOWAY,3,6
TWOWAY.6TB3.3-2.CGGGG-CAAG.0,TWOWAY,5,4
TWOWAY.6TB3.5-8.CGUAGUC-GGGAUCGAAG.0,TWOWAY,7,10
TWOWAY.6TB3.2-3.ACCA-UCCCU.0,TWOWAY,4,5
TWOWAY.6TB3.2-3.GGGG-UGCAC.0,TWOWAY,4,5
TWOWAY.6TB3.3-2.UAAUU-ACCA.0,TWOWAY,5,4
TWOWAY.6TB3.1-4.GUA-UUAAGC.0,TWOWAY,3,6
TWOWAY.6TB3.3-3.CGUAG-UCAAG.0,TWOWAY,5,5
TWOWAY.6TB3.1-5.CGA-UCUUUGG.0,TWOWAY,3,7
TWOWAY.6TB3.8-6.AUAAGGAUUG-CUUGAUUU.0,TWOWAY,10,8
TWOWAY.6TB3.3-3.GUUUG-CAUAC.0,TWOWAY,5,5
TWOWAY.6TB3.2-4.GAAG-CGUAUC.0,TWOWAY,4,6
TWOWAY.6TB3.6-4.3-2--1.CGAAU-AAAC-G,NWAY,6,4
TWOWAY.6TB3.3-3.UUAAG-CUAUA.0,TWOWAY,5,5
TWOWAY.6TB3.3-3.GUGGC-GAAUC.0,TWOWAY,5,5
TWOWAY.6TB3.4-2.GUCAAC-GGAC.0,TWOWAY,6,4
TWOWAY.6TB3.3-3.UCAAG-CGACA.0,TWOWAY,5,5
TWOWAY.6TB3.2-4.CAAU-AGAACG.0,TWOWAY,4,6
TWOWAY.6TB3.3-3.AUUAU-AGAAU.0,TWOWAY,5,5
TWOWAY.6TB3.3-3.UUCCC-GAUCA.0,TWOWAY,5,5
TWOWAY.6TB3.4-3.UAUAAG-UGAAA.0,TWOWAY,6,5
TWOWAY.6TB3.4-3.UUAUUU-AUUCA.0,TWOWAY,6,5
TWOWAY.6TB3.3-4.CUAAG-CGAAAG.0,TWOWAY,5,6
TWOWAY.6TB3.5-2.AAUAAUG-CUAU.0,TWOWAY,7,4
TWOWAY.6TB3.5-2.AUGAAGC-GGGU.0,TWOWAY,7,4
TWOWAY.6TB3.4-3.UUUUUG-CGAAG.0,TWOWAY,6,5
TWOWAY.6TB3.4-3.UGUAAG-CUGAG.0,TWOWAY,6,5
TWOWAY.6TB3.4-4.CUGAUG-CGGAUG.0,TWOWAY,6,6
TWOWAY.6TB3.4-5.UAUAAC-GCUAAUA.0,TWOWAY,6,7
TWOWAY.6TB3.5-4.GUCUAAC-GUAAUC.0,TWOWAY,7,6
TWOWAY.6TB3.6-3.UGACGAAG-UCGAA.0,TWOWAY,8,5
TWOWAY.6TB3.5-4.GUAGUAG-CGAAAC.0,TWOWAY,7,6
TWOWAY.6TB3.4-5.UUAUCA-UCUUAUG.0,TWOWAY,6,7
TWOWAY.6TB3.4-5.CGUAAC-GGAUAAG.0,TWOWAY,6,7
TWOWAY.6TB3.5-4.GAAAGCA-UUAAGC.0,TWOWAY,7,6
TWOWAY.6TB3.4-6.UAUCAA-UUUCAACG.0,TWOWAY,6,8
TWOWAY.6TB3.6-4.GGAGUAUG-UGAAAC.0,TWOWAY,8,6
TWOWAY.6TB3.7-3.UCUAGACAG-CCGAA.0,TWOWAY,9,5
TWOWAY.6TB3.5-5.CGGAAUU-GGAGAUG.0,TWOWAY,7,7
TWOWAY.6TB3.4-6.CGAUGG-UGUUGACG.0,TWOWAY,6,8
TWOWAY.6TB3.5-5.UCAAAGU-AACCAAG.0,TWOWAY,7,7
TWOWAY.6TB3.8-7.2-6-1.AGCG-CUUAGUAA-UGA,NWAY,8,7
TWOWAY.6TB3.6-5.CUUAGUAC-GGAACAG.0,TWOWAY,8,7
TWOWAY.6TB3.5-7.GUGCCAG-CGGUAAUUC.0,TWOWAY,7,9
TWOWAY.6TB3.7-5.GGAUAAAUC-GGAAUAC.0,TWOWAY,9,7
TWOWAY.6TB3.5-7.CGAAACU-ACCGAGUAG.0,TWOWAY,7,9
TWOWAY.6TB3.7-6.GAAAAAAUU-AUAUUAGC.0,TWOWAY,9,8
TWOWAY.6TB3.6-7.GCCAGCGA-UUGUGAAAC.0,TWOWAY,8,9
TWOWAY.6TB3.6-7.CUGAACUU-AUCAAUAAG.0,TWOWAY,8,9
TWOWAY.6TB3.6-7.GAAUGUAG-UAUUAUAGC.0,TWOWAY,8,9
TWOWAY.3IWN.0-1.AC-GAU.0,TWOWAY,2,3
TWOWAY.3IWN.1-0.CUC-GG.0,TWOWAY,3,2
TWOWAY.3IWN.0-1.AC-GAU.1,TWOWAY,2,3
TWOWAY.3IWN.1-0.CUC-GG.1,TWOWAY,3,2
TWOWAY.3IWN.0-2.GG-UAGC.0,TWOWAY,2,4
TWOWAY.3IWN.2-0.AAAC-GU.0,TWOWAY,4,2
TWOWAY.3IWN.2-0.AAAC-GU.1,TWOWAY,4,2
TWOWAY.3IWN.1-1.AUU-AGU.0,TWOWAY,3,3
TWOWAY.3IWN.3-3.CAAAC-GGACG.0,TWOWAY,5,5
TWOWAY.3IWN.2-4.CGGC-GUAGCG.0,TWOWAY,4,6
TWOWAY.1S03.0-1.CU-AUG.0,TWOWAY,2,3
TWOWAY.1S03.3-2.0-0--1.CG-CC-G,NWAY,3,2
TWOWAY.1S03.0-1.UG-CAA.0,TWOWAY,2,3
TWOWAY.1S03.2-0.AAAC-GU.0,TWOWAY,4,2
TWOWAY.4PLX.1-1.GAA-UUU.0,TWOWAY,3,3
TWOWAY.5VPO.11-6.0-7-4.CC-AUGGACGAG-CUCCAG,NWAY,11,6
TWOWAY.5VPO.1-0.UGA-UA.0,TWOWAY,3,2
TWOWAY.5VPO.1-0.GAC-GU.0,TWOWAY,3,2
TWOWAY.5VPO.0-1.AG-CAU.0,TWOWAY,2,3
TWOWAY.5VPO.4-2.GCAAUG-UGAC.0,TWOWAY,6,4
TWOWAY.5VPO.1-0.GGC-GC.0,TWOWAY,3,2
TWOWAY.5VPO.0-1.GG-CCC.0,TWOWAY,2,3
TWOWAY.5VPO.1-0.UAC-GA.0,TWOWAY,3,2
TWOWAY.5VPO.0-1.UU-GGG.0,TWOWAY,2,3
TWOWAY.5VPO.1-0.CAC-GG.0,TWOWAY,3,2
TWOWAY.5VPO.1-0.GUG-CC.0,TWOWAY,3,2
TWOWAY.5VPO.2-2.CCAC-GGAG.0,TWOWAY,4,4
TWOWAY.5VPO.0-1.GC-GAC.1,TWOWAY,2,3
TWOWAY.5VPO.2-3.-1-1--1.G-UCC-A,NWAY,2,3
TWOWAY.5VPO.7-8.-1--1--1-0.G-G-U-AC,NWAY,7,8
TWOWAY.5VPO.4-5.GUGAAG-UGGAGGC.0,TWOWAY,6,7
TWOWAY.5VPO.0-1.CC-GAG.0,TWOWAY,2,3
TWOWAY.5VPO.4-5.UGUAGA-UCCGAAG.0,TWOWAY,6,7
TWOWAY.5VPO.0-1.GG-UAC.0,TWOWAY,2,3
TWOWAY.5VPO.0-1.UG-CCA.0,TWOWAY,2,3
TWOWAY.5VPO.1-0.GAC-GC.0,TWOWAY,3,3
TWOWAY.5VPO.3-2.0--1-0.GA-G-CC,NWAY,3,2
TWOWAY.5VPO.1-0.UAG-CG.0,TWOWAY,3,2
TWOWAY.5VPO.0-1.GC-GAC.0,TWOWAY,2,3
TWOWAY.5VPO.1-0.CAG-CG.0,TWOWAY,3,2
TWOWAY.5VPO.1-0.GUG-CC.1,TWOWAY,3,2
TWOWAY.5VPO.1-0.UCC-GG.0,TWOWAY,3,2
TWOWAY.5VPO.3-4.UGAUC-GGUUUG.0,TWOWAY,5,6
TWOWAY.5VPO.0-1.CG-CAG.0,TWOWAY,2,3
TWOWAY.5VPO.0-1.GG-UCC.0,TWOWAY,2,3
TWOWAY.5VPO.0-1.CG-CAG.1,TWOWAY,2,3
TWOWAY.5VPO.1-0.CCU-GG.0,TWOWAY,3,2
TWOWAY.5VPO.0-2.CG-CGUG.0,TWOWAY,2,4
TWOWAY.5VPO.4-2.-1-1-0.U-GAC-GG,NWAY,4,2
TWOWAY.5VPO.2-0.UAGU-AG.0,TWOWAY,4,2
TWOWAY.5VPO.0-2.GU-AUAC.0,TWOWAY,2,4
TWOWAY.5VPO.2-0.CCGG-CG.0,TWOWAY,4,2
TWOWAY.5VPO.0-2.UG-UGAA.0,TWOWAY,2,4
TWOWAY.5VPO.2-0.GAAG-CC.0,TWOWAY,4,2
TWOWAY.5VPO.0-2.GA-UACC.0,TWOWAY,2,4
TWOWAY.5VPO.2-6.CUCG-CACGCGAG.0,TWOWAY,4,8
TWOWAY.5VPO.0-2.UG-CAAG.0,TWOWAY,2,4
TWOWAY.5VPO.0-2.CC-GAAG.0,TWOWAY,2,4
TWOWAY.5VPO.0-3.GG-UGGCC.0,TWOWAY,2,5
TWOWAY.5VPO.3-0.GGGAG-UC.0,TWOWAY,5,2
TWOWAY.5VPO.0-3.GG-UCAGC.0,TWOWAY,2,5
TWOWAY.5VPO.2-5.0-0-1.UG-CA-CAA,NWAY,2,5
TWOWAY.5VPO.2-5.0-0-1.CU-AU-AAG,NWAY,2,5
TWOWAY.5VPO.4-0.CGGACA-UG.0,TWOWAY,12,8
TWOWAY.5VPO.0-5.UG-CAACAAG.0,TWOWAY,2,7
TWOWAY.5VPO.11-2.CUGCGUAGGAUAG-CCUG.0,TWOWAY,13,4
TWOWAY.5VPO.1-1.GAU-AAU.0,TWOWAY,3,3
TWOWAY.5VPO.3-3.0-1--1.AG-CGG-C,NWAY,3,3
TWOWAY.5VPO.7-7.-1--1--1--1--1--1.C-C-C-G-G-U,NWAY,7,7
TWOWAY.5VPO.3-4.GUCAC-GAAGUC.0,TWOWAY,5,6
TWOWAY.5VPO.1-1.CAU-GGG.0,TWOWAY,3,3
TWOWAY.5VPO.5-4.CGAAGUC-GCCGAG.0,TWOWAY,7,6
TWOWAY.5VPO.5-8.CCGAAAC-GAGAUAGCUG.0,TWOWAY,7,10
TWOWAY.5VPO.1-1.AUA-UGU.0,TWOWAY,3,3
TWOWAY.5VPO.1-1.GAG-UCC.0,TWOWAY,3,3
TWOWAY.5VPO.1-1.CAA-UCG.0,TWOWAY,3,3
TWOWAY.5VPO.1-1.CUG-UUG.0,TWOWAY,3,3
TWOWAY.5VPO.1-1.UGG-CUG.0,TWOWAY,3,3
TWOWAY.5VPO.4-6.CCGCCC-GUAACAAG.0,TWOWAY,6,8
TWOWAY.5VPO.1-2.CAG-UGGG.0,TWOWAY,3,4
TWOWAY.5VPO.2-1.GGUG-CUC.0,TWOWAY,4,3
TWOWAY.5VPO.5-5.CGCUGAC-GGUGGAG.0,TWOWAY,7,7
TWOWAY.5VPO.2-1.GAUG-CGC.0,TWOWAY,4,3
TWOWAY.5VPO.1-2.UAG-CAGG.0,TWOWAY,3,4
TWOWAY.5VPO.1-2.CAG-CGGG.0,TWOWAY,3,4
TWOWAY.5VPO.3-1.UUCCC-GCA.0,TWOWAY,5,3
TWOWAY.5VPO.3-1.UGCAU-AUG.0,TWOWAY,5,3
TWOWAY.5VPO.7-6.GUUGCCAGC-GGGCACUC.0,TWOWAY,9,8
TWOWAY.5VPO.2-2.GGAG-UGAC.0,TWOWAY,4,4
TWOWAY.5VPO.2-2.CUAC-GUAG.0,TWOWAY,4,4
TWOWAY.5VPO.1-3.UAG-CGAAA.0,TWOWAY,3,5
TWOWAY.5VPO.2-2.GUUG-CAUC.0,TWOWAY,4,4
TWOWAY.5VPO.3-1.GCAAU-AGC.0,TWOWAY,5,3
TWOWAY.5VPO.2-2.CGAG-CGAG.0,TWOWAY,4,4
TWOWAY.5VPO.3-1.CCUCU-AUG.0,TWOWAY,5,3
TWOWAY.5VPO.3-2.CUACC-GAUG.0,TWOWAY,5,4
TWOWAY.5VPO.3-2.GAGAG-UGGU.0,TWOWAY,5,4
TWOWAY.5VPO.6-3.2-0-1.CGGG-AG-CAG,NWAY,6,3
TWOWAY.5VPO.3-2.CGAAU-AUAG.0,TWOWAY,5,4
TWOWAY.5VPO.3-2.GCACU-AAAC.0,TWOWAY,5,4
TWOWAY.5VPO.3-2.CGAUG-UAAG.0,TWOWAY,5,4
TWOWAY.5VPO.2-3.CUAG-CGAAG.0,TWOWAY,4,5
TWOWAY.5VPO.3-2.AGAAG-UGGU.0,TWOWAY,5,4
TWOWAY.5VPO.4-1.GAGAAC-GAC.0,TWOWAY,6,3
TWOWAY.5VPO.2-3.GGGG-CCGAC.0,TWOWAY,4,5
TWOWAY.5VPO.3-3.UGUAG-UGAGG.0,TWOWAY,5,5
TWOWAY.5VPO.3-3.CAAAC-GGUAG.0,TWOWAY,5,5
TWOWAY.5VPO.2-4.GAUG-CUAAUC.0,TWOWAY,4,6
TWOWAY.5VPO.5-6.2--1-3.UUAA-G-CGGAG,NWAY,5,6
TWOWAY.5VPO.3-3.GCUAG-CAAAC.0,TWOWAY,5,5
TWOWAY.5VPO.5-5.1-3-0.AAG-CGAAG-CU,NWAY,5,5
TWOWAY.5VPO.3-3.CUAAG-CGAAG.0,TWOWAY,5,5
TWOWAY.5VPO.3-3.UGAAG-CGUAG.0,TWOWAY,5,5
TWOWAY.5VPO.3-3.CGAUG-CUAAG.0,TWOWAY,5,5
TWOWAY.5VPO.3-3.UCAAG-CGAAG.0,TWOWAY,5,5
TWOWAY.5VPO.3-3.GGGAG-CGAAC.0,TWOWAY,5,5
TWOWAY.5VPO.3-3.CCGAG-CGGCG.0,TWOWAY,5,5
TWOWAY.5VPO.3-3.UUUCC-GGUAG.0,TWOWAY,5,5
TWOWAY.5VPO.3-3.UUCCC-GAACA.0,TWOWAY,5,5
TWOWAY.5VPO.8-10.GGACGAAACC-GACUGACGGUAC.0,TWOWAY,10,12
TWOWAY.5VPO.4-3.UGUAAG-UUGAG.0,TWOWAY,6,5
TWOWAY.5VPO.4-3.GGAACC-GAAAC.0,TWOWAY,6,5
TWOWAY.5VPO.4-4.GAUAAC-GGAAGC.0,TWOWAY,6,6
TWOWAY.5VPO.4-5.GACAAC-GCUAAUC.0,TWOWAY,6,7
TWOWAY.5VPO.5-8.3-3-1.GGAUC-GGGAG-CGU,NWAY,5,8
TWOWAY.5VPO.5-4.UGAGUAG-CGAAAG.0,TWOWAY,7,6
TWOWAY.5VPO.6-3.CGAUGAAG-UGGAG.0,TWOWAY,8,5
TWOWAY.5VPO.4-5.CGUAAC-GGAGAAG.0,TWOWAY,6,7
TWOWAY.5VPO.6-3.CUGUGAAC-GGGAG.0,TWOWAY,8,5
TWOWAY.5VPO.5-4.CUAGUAC-GGACCG.0,TWOWAY,7,6
TWOWAY.5VPO.4-6.CAUCAG-CGACGACG.0,TWOWAY,6,8
TWOWAY.5VPO.6-4.UGAAAGAC-GGGGAG.0,TWOWAY,8,6
TWOWAY.5VPO.6-4.GGAGUACG-UGAAAC.0,TWOWAY,8,6
TWOWAY.5VPO.5-5.UACAAAG-CAAAAAG.0,TWOWAY,7,7
TWOWAY.5VPO.7-3.CGAAGACAG-UCGAG.0,TWOWAY,9,5
TWOWAY.5VPO.3-7.UUGAG-CAAGAUGAG.0,TWOWAY,5,9
TWOWAY.5VPO.6-5.GGAAGAAG-UGUAAAC.0,TWOWAY,8,7
TWOWAY.5VPO.4-7.GAGUAG-CGCAGAUAC.0,TWOWAY,6,9
TWOWAY.5VPO.5-6.GGAACUG-CUCAGUAC.0,TWOWAY,7,8
TWOWAY.5VPO.5-7.GUGCCAG-CGGUAAUAC.0,TWOWAY,7,9
TWOWAY.5VPO.5-7.UGCGAAC-GGAGGUAUA.0,TWOWAY,7,9
TWOWAY.5VPO.2-12.GGAG-CGCCGGUGAAAUAC.0,TWOWAY,4,14
TWOWAY.5VPO.9-9.4-7-1.GAGUAG-CGAUGGUAC-GGA,NWAY,9,9
TWOWAY.5VPO.8-7.AGUUGCCAGC-GGGCACUCU.0,TWOWAY,10,9
TWOWAY.6O5F.6-6.-1-3-4.U-GUCAU-AGUGGC,NWAY,6,6
TWOWAY.6O5F.3-3.1--1-0.AGU-U-AU,NWAY,3,3
TWOWAY.6O5F.1-1.GGC-GUC.0,TWOWAY,3,3
TWOWAY.6O5F.4-4.CGCAAG-CGCAAG.0,TWOWAY,6,6
TWOWAY.4KYY.1-1.GUU-AUC.0,TWOWAY,3,3
TWOWAY.4KYY.3-3.-1-1-0.G-UUG-UU,NWAY,3,3
TWOWAY.4KYY.1-1.AUC-GUU.0,TWOWAY,3,3
TWOWAY.1DQF.0-1.CA-UCG.0,TWOWAY,2,3
