seq_1,seq_2,motif_1,motif_2,type_1,type_2,res_1,res_2,count,res_type_1,res_type_2
HAIRPIN.3IWN.4.CGAAAG,HELIX.3IWN.4.CCUA-UAGG,HAIRPIN.3IWN.4.CGAAAG.1,HELIX.3IWN.4.CCUA-UAGG.0,HAIRPIN,HELIX,B.A125,B.C149,3,sugar,sugar
HAIRPIN.3IWN.4.CGAAAG,HELIX.3IWN.5.GCCUA-UAGGU,HAIRPIN.3IWN.4.CGAAAG.0,HELIX.3IWN.5.GCCUA-UAGGU.0,HAIRPIN,HELIX,A.A25,A.C49,5,sugar,base
HAIRPIN.5VPO.10.GAUCAGC,HAIRPIN.5VPO.8.CUGCAACCCG,HAIRPIN.5VPO.10.GAUCAGC.0,HAIRPIN.5VPO.8.CUGCAACCCG.0,HAIRPIN,HAIRPIN,QA.A1319,QA.G1361,4,base,base
HAIRPIN.5VPO.10.GAUCAGC,HAIRPIN.5VPO.8.GAAGCAACGC,HAIRPIN.5VPO.10.GAUCAGC.0,HAIRPIN.5VPO.8.GAAGCAACGC.0,HAIRPIN,HAIRPIN,QA.A1363,QA.G971,4,base,phos
HAIRPIN.5VPO.10.GAUCAGC,HELIX.5VPO.8.CACGUGCU-AGCAUGUG,HAIRPIN.5VPO.10.GAUCAGC.0,HELIX.5VPO.8.CACGUGCU-AGCAUGUG.0,HAIRPIN,HELIX,QA.C1234,QA.U1364,6,sugar,sugar
HAIRPIN.5VPO.10.GAUCAGC,SSTRAND.5VPO.10.AAGAACCUUA,HAIRPIN.5VPO.10.GAUCAGC.0,SSTRAND.5VPO.10.AAGAACCUUA.0,HAIRPIN,SSTRAND,QA.A1357,QA.A975,9,base,sugar
HAIRPIN.5VPO.11.CUAAAAGGUAACG,HAIRPIN.5VPO.7.CUGGGGCGG,HAIRPIN.5VPO.11.CUAAAAGGUAACG.0,HAIRPIN.5VPO.7.CUGGGGCGG.0,HAIRPIN,HAIRPIN,RA.C2248,RA.C2275,2,base,base
HAIRPIN.5VPO.11.CUAAAAGGUAACG,HELIX.5VPO.2.GC-GU,HAIRPIN.5VPO.11.CUAAAAGGUAACG.0,HELIX.5VPO.2.GC-GU.3,HAIRPIN,HELIX,RA.A2274,RA.G954,3,sugar,base
HAIRPIN.5VPO.11.CUAAAAGGUAACG,HELIX.5VPO.7.GGGCGCG-CGCGUCC,HAIRPIN.5VPO.11.CUAAAAGGUAACG.0,HELIX.5VPO.7.GGGCGCG-CGCGUCC.0,HAIRPIN,HELIX,RA.A2273,RA.C965,4,sugar,sugar
HAIRPIN.5VPO.11.CUAAAAGGUAACG,TWOWAY.5VPO.1-1.GAG-UCC,HAIRPIN.5VPO.11.CUAAAAGGUAACG.0,TWOWAY.5VPO.1-1.GAG-UCC.0,HAIRPIN,TWOWAY,RA.A2266,RA.A953,10,sugar,phos
HAIRPIN.5VPO.11.CUAAAAGGUAACG,TWOWAY.5VPO.3-2.GCACU-AAAC,HAIRPIN.5VPO.11.CUAAAAGGUAACG.0,TWOWAY.5VPO.3-2.GCACU-AAAC.0,HAIRPIN,TWOWAY,RA.A910,RA.C2264,4,sugar,sugar
HAIRPIN.5VPO.11.CUAAAAGGUAACG,TWOWAY.5VPO.4-5.UGUAGA-UCCGAAG,HAIRPIN.5VPO.11.CUAAAAGGUAACG.0,TWOWAY.5VPO.4-5.UGUAGA-UCCGAAG.0,HAIRPIN,TWOWAY,RA.A2268,RA.A918,7,base,phos
HAIRPIN.5VPO.12.CACUGAGACACGGG,NWAY.5VPO.6-1-1-3-2.CGGACGGG-CAG-CAC-GGCAG-CAAG,HAIRPIN.5VPO.12.CACUGAGACACGGG.0,NWAY.5VPO.6-1-1-3-2.CGGACGGG-CAG-CAC-GGCAG-CAAG.0,HAIRPIN,NWAY,QA.A109,QA.G324,13,base,base
HAIRPIN.5VPO.13.ACUGGCCGUGAAGAU,SSTRAND.5VPO.1.A,HAIRPIN.5VPO.13.ACUGGCCGUGAAGAU.0,SSTRAND.5VPO.1.A.2,HAIRPIN,SSTRAND,RA.A2020,RA.A532,3,base,base
HAIRPIN.5VPO.19.GGUCGCCUCCUAAAAGGUAAC,HAIRPIN.5VPO.6.CGCAAGGG,HAIRPIN.5VPO.19.GGUCGCCUCCUAAAAGGUAAC.0,HAIRPIN.5VPO.6.CGCAAGGG.0,HAIRPIN,HAIRPIN,RA.A2327,RA.C2261,3,sugar,base
HAIRPIN.5VPO.19.GGUCGCCUCCUAAAAGGUAAC,HELIX.5VPO.3.AGG-CCU,HAIRPIN.5VPO.19.GGUCGCCUCCUAAAAGGUAAC.0,HELIX.5VPO.3.AGG-CCU.1,HAIRPIN,HELIX,RA.A2328,RA.C2263,3,sugar,sugar
HAIRPIN.5VPO.19.GGUCGCCUCCUAAAAGGUAAC,NWAY.5VPO.1-3-0-0-7-5.GCC-CGCAA-GG-GC-UAGUGAACC-GAUCAAC,HAIRPIN.5VPO.19.GGUCGCCUCCUAAAAGGUAAC.0,NWAY.5VPO.1-3-0-0-7-5.GCC-CGCAA-GG-GC-UAGUGAACC-GAUCAAC.0,HAIRPIN,NWAY,RA.C2258,RA.C2427,5,sugar,phos
HAIRPIN.5VPO.19.GGUCGCCUCCUAAAAGGUAAC,TWOWAY.5VPO.3-2.GCACU-AAAC,HAIRPIN.5VPO.19.GGUCGCCUCCUAAAAGGUAAC.0,TWOWAY.5VPO.3-2.GCACU-AAAC.0,HAIRPIN,TWOWAY,RA.A911,RA.C2263,4,sugar,sugar
HAIRPIN.5VPO.25.CGUGGAGCCAUGGGGGAAUCUGGGCGG,HAIRPIN.5VPO.5.CGGCGAG,HAIRPIN.5VPO.25.CGUGGAGCCAUGGGGGAAUCUGGGCGG.0,HAIRPIN.5VPO.5.CGGCGAG.0,HAIRPIN,HAIRPIN,RA.A251,RA.G386,5,base,base
HAIRPIN.5VPO.25.CGUGGAGCCAUGGGGGAAUCUGGGCGG,HELIX.5VPO.3.GGG-CCC,HAIRPIN.5VPO.25.CGUGGAGCCAUGGGGGAAUCUGGGCGG.0,HELIX.5VPO.3.GGG-CCC.2,HAIRPIN,HELIX,RA.C366,RA.U403,4,base,sugar
HAIRPIN.5VPO.25.CGUGGAGCCAUGGGGGAAUCUGGGCGG,HELIX.5VPO.5.GGUGU-GCGCU,HAIRPIN.5VPO.25.CGUGGAGCCAUGGGGGAAUCUGGGCGG.0,HELIX.5VPO.5.GGUGU-GCGCU.0,HAIRPIN,HELIX,RA.G2230,RA.G397,2,sugar,base
HAIRPIN.5VPO.25.CGUGGAGCCAUGGGGGAAUCUGGGCGG,SSTRAND.5VPO.4.AGUA,HAIRPIN.5VPO.25.CGUGGAGCCAUGGGGGAAUCUGGGCGG.0,SSTRAND.5VPO.4.AGUA.0,HAIRPIN,SSTRAND,RA.A371,RA.A402,10,base,phos
HAIRPIN.5VPO.3.CGCAG,HELIX.5VPO.5.CCAGC-GCUGG,HAIRPIN.5VPO.3.CGCAG.0,HELIX.5VPO.5.CCAGC-GCUGG.0,HAIRPIN,HELIX,RA.A1755,RA.C2695,5,base,sugar
HAIRPIN.5VPO.4.AGAAAU,HAIRPIN.5VPO.6.GGACCACC,HAIRPIN.5VPO.4.AGAAAU.0,HAIRPIN.5VPO.6.GGACCACC.0,HAIRPIN,HAIRPIN,RA.A227,RA.G410,3,base,sugar
HAIRPIN.5VPO.4.AGAAAU,HELIX.5VPO.5.GGGCG-CGCCU,HAIRPIN.5VPO.4.AGAAAU.0,HELIX.5VPO.5.GGGCG-CGCCU.0,HAIRPIN,HELIX,RA.A225,RA.C419,5,base,sugar
HAIRPIN.5VPO.4.AGAAAU,NWAY.5VPO.2-2-2-0.CGUG-GAAG-GGAC-CC,HAIRPIN.5VPO.4.AGAAAU.0,NWAY.5VPO.2-2-2-0.CGUG-GAAG-GGAC-CC.0,HAIRPIN,NWAY,RA.A227,RA.G410,3,base,sugar
HAIRPIN.5VPO.4.AGAAAU,TWOWAY.5VPO.5-4.UGAGUAG-CGAAAG,HAIRPIN.5VPO.4.AGAAAU.0,TWOWAY.5VPO.5-4.UGAGUAG-CGAAAG.0,HAIRPIN,TWOWAY,RA.A225,RA.A257,2,sugar,sugar
HAIRPIN.5VPO.4.CAAGAG,HELIX.5VPO.3.GGG-CCC,HAIRPIN.5VPO.4.CAAGAG.0,HELIX.5VPO.3.GGG-CCC.5,HAIRPIN,HELIX,RA.A1632,RA.G700,3,sugar,base
HAIRPIN.5VPO.4.CAAGAG,NWAY.5VPO.2-3-4.CCAG-CGAAC-GAUGAG,HAIRPIN.5VPO.4.CAAGAG.0,NWAY.5VPO.2-3-4.CCAG-CGAAC-GAUGAG.0,HAIRPIN,NWAY,RA.A699,RA.G1633,7,base,sugar
HAIRPIN.5VPO.4.CCUUGG,HAIRPIN.5VPO.7.GGUAAUGGC,HAIRPIN.5VPO.4.CCUUGG.0,HAIRPIN.5VPO.7.GGUAAUGGC.0,HAIRPIN,HAIRPIN,QA.A263,QA.G190,2,base,sugar
HAIRPIN.5VPO.4.CCUUGG,TWOWAY.5VPO.4-2.-1-1-0,HAIRPIN.5VPO.4.CCUUGG.0,TWOWAY.5VPO.4-2.-1-1-0.U-GAC-GG,HAIRPIN,TWOWAY,QA.A130,QA.G190,6,sugar,sugar
HAIRPIN.5VPO.4.CGA,HAIRPIN.5VPO.6.GUUAAGUC,HAIRPIN.5VPO.4.CGA.0,HAIRPIN.5VPO.6.GUUAAGUC.0,HAIRPIN,HAIRPIN,QA.A1170,QA.C1096,6,base,sugar
HAIRPIN.5VPO.4.CGA,HELIX.5VPO.3.GGG-CCC,HAIRPIN.5VPO.4.CGA.0,HELIX.5VPO.3.GGG-CCC.0,HAIRPIN,HELIX,QA.A1170,QA.C1096,8,base,sugar
HAIRPIN.5VPO.4.CGAAAG,HAIRPIN.5VPO.4.CGUAAG,HAIRPIN.5VPO.4.CGAAAG.0,HAIRPIN.5VPO.4.CGUAAG.0,HAIRPIN,HAIRPIN,RA.A1809,RA.C1363,7,sugar,sugar
HAIRPIN.5VPO.4.CGAAAG,HELIX.5VPO.5.CUGGG-CCCAG,HAIRPIN.5VPO.4.CGAAAG.0,HELIX.5VPO.5.CUGGG-CCCAG.0,HAIRPIN,HELIX,RA.A1366,RA.A211,7,sugar,sugar
HAIRPIN.5VPO.4.CGAAAG,HELIX.5VPO.7.GGUCCCC-GGGGGCC,HAIRPIN.5VPO.4.CGAAAG.1,HELIX.5VPO.7.GGUCCCC-GGGGGCC.0,HAIRPIN,HELIX,RA.A2378,RA.C2292,8,phos,base
HAIRPIN.5VPO.4.CGAAGG,HELIX.5VPO.4.GCGU-GCGC,HAIRPIN.5VPO.4.CGAAGG.0,HELIX.5VPO.4.GCGU-GCGC.0,HAIRPIN,HELIX,QA.A729,QA.C764,8,base,sugar
HAIRPIN.5VPO.4.CGAAGG,TWOWAY.5VPO.3-2.GAGAG-UGGU,HAIRPIN.5VPO.4.CGAAGG.0,TWOWAY.5VPO.3-2.GAGAG-UGGU.0,HAIRPIN,TWOWAY,QA.A728,QA.G742,2,phos,sugar
HAIRPIN.5VPO.4.CGAGAG,HAIRPIN.5VPO.6.UGAAGAAG,HAIRPIN.5VPO.4.CGAGAG.0,HAIRPIN.5VPO.6.UGAAGAAG.0,HAIRPIN,HAIRPIN,RA.A2531,RA.A2662,7,base,base
HAIRPIN.5VPO.4.CGCAAG,HELIX.5VPO.3.GGC-GUC,HAIRPIN.5VPO.4.CGCAAG.0,HELIX.5VPO.3.GGC-GUC.0,HAIRPIN,HELIX,QA.C106,QA.C379,7,sugar,phos
HAIRPIN.5VPO.4.CGCAAG,HELIX.5VPO.6.GCGUGG-CCACGC,HAIRPIN.5VPO.4.CGCAAG.1,HELIX.5VPO.6.GCGUGG-CCACGC.0,HAIRPIN,HELIX,QA.C770,QA.C899,6,sugar,base
HAIRPIN.5VPO.4.CGCAAG,TWOWAY.5VPO.0-2.CG-CGUG,HAIRPIN.5VPO.4.CGCAAG.0,TWOWAY.5VPO.0-2.CG-CGUG.0,HAIRPIN,TWOWAY,QA.A383,QA.C63,4,phos,base
HAIRPIN.5VPO.4.CGCGAG,HELIX.5VPO.6.GGGGAG-CUCCCC,HAIRPIN.5VPO.4.CGCGAG.0,HELIX.5VPO.6.GGGGAG-CUCCCC.0,HAIRPIN,HELIX,RA.A1227,RA.C812,9,sugar,sugar
HAIRPIN.5VPO.4.CGCGAG,NWAY.5VPO.2-8-4-2-2.GCGU-AGUGCGAAUG-CGACUC-GGAC-GUUC,HAIRPIN.5VPO.4.CGCGAG.0,NWAY.5VPO.2-8-4-2-2.GCGU-AGUGCGAAUG-CGACUC-GGAC-GUUC.0,HAIRPIN,NWAY,RA.A1227,RA.C1196,5,base,sugar
HAIRPIN.5VPO.4.CGGAAG,HELIX.5VPO.2.CG-CG,HAIRPIN.5VPO.4.CGGAAG.0,HELIX.5VPO.2.CG-CG.0,HAIRPIN,HELIX,QA.A1519,QA.C1404,8,sugar,sugar
HAIRPIN.5VPO.4.CGGAAG,TWOWAY.5VPO.3-4.GUCAC-GAAGUC,HAIRPIN.5VPO.4.CGGAAG.0,TWOWAY.5VPO.3-4.GUCAC-GAAGUC.0,HAIRPIN,TWOWAY,QA.A1518,QA.G1405,5,sugar,sugar
HAIRPIN.5VPO.4.CGGAAG,TWOWAY.5VPO.4-6.CCGCCC-GUAACAAG,HAIRPIN.5VPO.4.CGGAAG.0,TWOWAY.5VPO.4-6.CCGCCC-GUAACAAG.0,HAIRPIN,TWOWAY,QA.A1499,QA.G1520,5,sugar,phos
HAIRPIN.5VPO.4.CGUAAG,HELIX.5VPO.3.GCC-GGC,HAIRPIN.5VPO.4.CGUAAG.0,HELIX.5VPO.3.GCC-GGC.0,HAIRPIN,HELIX,RA.A1810,RA.C1362,10,base,sugar
HAIRPIN.5VPO.4.CGUGAG,HAIRPIN.5VPO.9.UUUGAUCCUGG,HAIRPIN.5VPO.4.CGUGAG.0,HAIRPIN.5VPO.9.UUUGAUCCUGG.0,HAIRPIN,HAIRPIN,QA.A1080,QA.A16,5,base,sugar
HAIRPIN.5VPO.4.CGUGAG,HELIX.5VPO.3.UCC-GGA,HAIRPIN.5VPO.4.CGUGAG.0,HELIX.5VPO.3.UCC-GGA.0,HAIRPIN,HELIX,QA.C18,QA.U1078,4,sugar,base
HAIRPIN.5VPO.4.CGUGAG,HELIX.5VPO.4.AGCU-AGUU,HAIRPIN.5VPO.4.CGUGAG.1,HELIX.5VPO.4.AGCU-AGUU.0,HAIRPIN,HELIX,RA.A2598,RA.C2073,9,sugar,sugar
HAIRPIN.5VPO.4.CGUGAG,HELIX.5VPO.6.CCGGGC-GCCCGG,HAIRPIN.5VPO.4.CGUGAG.2,HELIX.5VPO.6.CCGGGC-GCCCGG.0,HAIRPIN,HELIX,RA.A466,RA.C683,4,sugar,sugar
HAIRPIN.5VPO.4.CGUGAG,NWAY.5VPO.5-3-6.CGAGCUA-UAGGA-UAACCGAG,HAIRPIN.5VPO.4.CGUGAG.2,NWAY.5VPO.5-3-6.CGAGCUA-UAGGA-UAACCGAG.0,HAIRPIN,NWAY,RA.A466,RA.C683,2,sugar,sugar
HAIRPIN.5VPO.4.CGUGAG,TWOWAY.5VPO.1-1.GAU-AAU,HAIRPIN.5VPO.4.CGUGAG.0,TWOWAY.5VPO.1-1.GAU-AAU.0,HAIRPIN,TWOWAY,QA.A1080,QA.A16,7,base,sugar
HAIRPIN.5VPO.4.CUCCGG,TWOWAY.5VPO.11-2.CUGCGUAGGAUAG-CCUG,HAIRPIN.5VPO.4.CUCCGG.0,TWOWAY.5VPO.11-2.CUGCGUAGGAUAG-CCUG.0,HAIRPIN,TWOWAY,RA.C2111,RA.C2145,2,phos,base
HAIRPIN.5VPO.4.CUUCGG,SSTRAND.5VPO.3.UAA,HAIRPIN.5VPO.4.CUUCGG.1,SSTRAND.5VPO.3.UAA.0,HAIRPIN,SSTRAND,RA.A1977,RA.G1696,3,base,sugar
HAIRPIN.5VPO.4.GGAAAC,HAIRPIN.5VPO.8.CGUGUGGAAG,HAIRPIN.5VPO.4.GGAAAC.1,HAIRPIN.5VPO.8.CGUGUGGAAG.0,HAIRPIN,HAIRPIN,RA.A632,RA.C2404,2,sugar,sugar
HAIRPIN.5VPO.4.GGAAAC,HELIX.5VPO.2.CC-GG,HAIRPIN.5VPO.4.GGAAAC.1,HELIX.5VPO.2.CC-GG.4,HAIRPIN,HELIX,RA.A632,RA.C2403,4,base,sugar
HAIRPIN.5VPO.4.GGAAAC,HELIX.5VPO.4.GUCC-GGGC,HAIRPIN.5VPO.4.GGAAAC.1,HELIX.5VPO.4.GUCC-GGGC.0,HAIRPIN,HELIX,RA.A632,RA.C641,8,base,phos
HAIRPIN.5VPO.4.GGAAAC,NWAY.5VPO.2-2-2-0.CGUG-GAAG-GGAC-CC,HAIRPIN.5VPO.4.GGAAAC.1,NWAY.5VPO.2-2-2-0.CGUG-GAAG-GGAC-CC.0,HAIRPIN,NWAY,RA.A632,RA.C2404,2,sugar,sugar
HAIRPIN.5VPO.4.GGAAAC,TWOWAY.5VPO.1-0.UCC-GG,HAIRPIN.5VPO.4.GGAAAC.1,TWOWAY.5VPO.1-0.UCC-GG.0,HAIRPIN,TWOWAY,RA.A631,RA.G2415,4,base,sugar
HAIRPIN.5VPO.4.GGCAAC,HELIX.5VPO.7.UGGGGUC-GACCCCA,HAIRPIN.5VPO.4.GGCAAC.0,HELIX.5VPO.7.UGGGGUC-GACCCCA.0,HAIRPIN,HELIX,QA.A1268,QA.C1326,10,sugar,sugar
HAIRPIN.5VPO.4.GGGAA,HELIX.5VPO.11.UUCCCGCAGGU-ACCUGCGGGAA,HAIRPIN.5VPO.4.GGGAA.0,HELIX.5VPO.11.UUCCCGCAGGU-ACCUGCGGGAA.0,HAIRPIN,HELIX,RA.A140,RA.C1408,6,sugar,sugar
HAIRPIN.5VPO.4.GGGAAC,HELIX.5VPO.3.UCC-GGA,HAIRPIN.5VPO.4.GGGAAC.0,HELIX.5VPO.3.UCC-GGA.1,HAIRPIN,HELIX,RA.A127,RA.C115,9,sugar,sugar
HAIRPIN.5VPO.4.GGGAAC,NWAY.5VPO.4-0-1-1-6.CGAAUG-CG-CAC-GGG-CGAUGAAG,HAIRPIN.5VPO.4.GGGAAC.0,NWAY.5VPO.4-0-1-1-6.CGAAUG-CG-CAC-GGG-CGAUGAAG.0,HAIRPIN,NWAY,RA.A126,RA.C116,6,sugar,base
HAIRPIN.5VPO.4.U,HAIRPIN.5VPO.8.CGUGUGGAAG,HAIRPIN.5VPO.4.U.0,HAIRPIN.5VPO.8.CGUGUGGAAG.0,HAIRPIN,HAIRPIN,RA.G1869,RA.G2409,4,phos,base
HAIRPIN.5VPO.4.U,HELIX.5VPO.4.GUGG-CCAC,HAIRPIN.5VPO.4.U.0,HELIX.5VPO.4.GUGG-CCAC.0,HAIRPIN,HELIX,RA.C414,RA.U1864,7,sugar,base
HAIRPIN.5VPO.4.UGAAAG,HELIX.5VPO.7.GGCCUGG-CCAGGCC,HAIRPIN.5VPO.4.UGAAAG.0,HELIX.5VPO.7.GGCCUGG-CCAGGCC.0,HAIRPIN,HELIX,QA.A1015,QA.C1218,11,sugar,sugar
HAIRPIN.5VPO.4.UGAGAG,HELIX.5VPO.4.GGGU-ACCC,HAIRPIN.5VPO.4.UGAGAG.0,HELIX.5VPO.4.GGGU-ACCC.0,HAIRPIN,HELIX,QA.G27,QA.G297,6,base,phos
HAIRPIN.5VPO.4.UGAGAG,SSTRAND.5VPO.10.GGAUUCACUG,HAIRPIN.5VPO.4.UGAGAG.0,SSTRAND.5VPO.10.GGAUUCACUG.0,HAIRPIN,SSTRAND,QA.A300,QA.C564,7,sugar,base
HAIRPIN.5VPO.4.UUUAGG,HELIX.5VPO.3.GAC-GUC,HAIRPIN.5VPO.4.UUUAGG.0,HELIX.5VPO.3.GAC-GUC.0,HAIRPIN,HELIX,RA.A2247,RA.A829,3,base,sugar
HAIRPIN.5VPO.4.UUUAGG,HELIX.5VPO.4.CCCG-CGGG,HAIRPIN.5VPO.4.UUUAGG.0,HELIX.5VPO.4.CCCG-CGGG.1,HAIRPIN,HELIX,RA.G2445,RA.G830,2,base,sugar
HAIRPIN.5VPO.4.UUUAGG,TWOWAY.5VPO.5-8.CCGAAAC-GAGAUAGCUG,HAIRPIN.5VPO.4.UUUAGG.0,TWOWAY.5VPO.5-8.CCGAAAC-GAGAUAGCUG.0,HAIRPIN,TWOWAY,RA.A829,RA.G805,5,base,phos
HAIRPIN.5VPO.5.CG,SSTRAND.5VPO.5.GGUAA,HAIRPIN.5VPO.5.CG.0,SSTRAND.5VPO.5.GGUAA.0,HAIRPIN,SSTRAND,RA.A2801,RA.G10,3,sugar,sugar
HAIRPIN.5VPO.5.CGAACAG,HELIX.5VPO.4.CUGC-GCAG,HAIRPIN.5VPO.5.CGAACAG.0,HELIX.5VPO.4.CUGC-GCAG.0,HAIRPIN,HELIX,RA.A2369,RA.A643,8,base,sugar
HAIRPIN.5VPO.5.CGGCGAG,HAIRPIN.5VPO.6.GAAACAUC,HAIRPIN.5VPO.5.CGGCGAG.0,HAIRPIN.5VPO.6.GAAACAUC.0,HAIRPIN,HAIRPIN,RA.A195,RA.A251,10,sugar,sugar
HAIRPIN.5VPO.5.CGGCGAG,HAIRPIN.5VPO.7.UUCGUGGAG,HAIRPIN.5VPO.5.CGGCGAG.0,HAIRPIN.5VPO.7.UUCGUGGAG.0,HAIRPIN,HAIRPIN,RA.A251,RA.G386,6,base,base
HAIRPIN.5VPO.5.CGGCGAG,NWAY.5VPO.1-3-0-0-7-5.GCC-CGCAA-GG-GC-UAGUGAACC-GAUCAAC,HAIRPIN.5VPO.5.CGGCGAG.0,NWAY.5VPO.1-3-0-0-7-5.GCC-CGCAA-GG-GC-UAGUGAACC-GAUCAAC.0,HAIRPIN,NWAY,RA.C2394,RA.C249,2,phos,sugar
HAIRPIN.5VPO.5.CGGCGAG,TWOWAY.5VPO.5-6.GGAACUG-CUCAGUAC,HAIRPIN.5VPO.5.CGGCGAG.0,TWOWAY.5VPO.5-6.GGAACUG-CUCAGUAC.0,HAIRPIN,TWOWAY,RA.A251,RA.C201,3,sugar,base
HAIRPIN.5VPO.5.GCAAAUC,HELIX.5VPO.4.GGGG-CCUC,HAIRPIN.5VPO.5.GCAAAUC.0,HELIX.5VPO.4.GGGG-CCUC.0,HAIRPIN,HELIX,RA.A1496,RA.C1577,9,sugar,sugar
HAIRPIN.5VPO.5.GCAAAUC,TWOWAY.5VPO.3-3.CGAUG-CUAAG,HAIRPIN.5VPO.5.GCAAAUC.0,TWOWAY.5VPO.3-3.CGAUG-CUAAG.0,HAIRPIN,TWOWAY,RA.A1419,RA.A1494,6,base,base
HAIRPIN.5VPO.5.GGUCGUC,HAIRPIN.5VPO.6.CGACACAG,HAIRPIN.5VPO.5.GGUCGUC.0,HAIRPIN.5VPO.6.CGACACAG.0,HAIRPIN,HAIRPIN,RA.A1616,RA.G1324,2,base,base
HAIRPIN.5VPO.5.GGUCGUC,HAIRPIN.5VPO.7.GUGAGAAUC,HAIRPIN.5VPO.5.GGUCGUC.0,HAIRPIN.5VPO.7.GUGAGAAUC.0,HAIRPIN,HAIRPIN,RA.G1283,RA.U1329,8,base,base
HAIRPIN.5VPO.5.GGUCGUC,HELIX.5VPO.2.AC-GU,HAIRPIN.5VPO.5.GGUCGUC.0,HELIX.5VPO.2.AC-GU.1,HAIRPIN,HELIX,RA.A1269,RA.G1325,4,sugar,base
HAIRPIN.5VPO.5.GGUCGUC,NWAY.5VPO.5-0-2-0.CGAUAAA-UC-GCGC-GG,HAIRPIN.5VPO.5.GGUCGUC.0,NWAY.5VPO.5-0-2-0.CGAUAAA-UC-GCGC-GG.0,HAIRPIN,NWAY,RA.G1325,RA.G1647,3,phos,sugar
HAIRPIN.5VPO.5.UGAAAAG,HELIX.5VPO.2.GU-AC,HAIRPIN.5VPO.5.UGAAAAG.0,HELIX.5VPO.2.GU-AC.2,HAIRPIN,HELIX,RA.A781,RA.C1788,5,sugar,base
HAIRPIN.5VPO.5.UGAAAAG,HELIX.5VPO.9.AGCCCUGGC-GCUGGGGCU,HAIRPIN.5VPO.5.UGAAAAG.0,HELIX.5VPO.9.AGCCCUGGC-GCUGGGGCU.0,HAIRPIN,HELIX,RA.A689,RA.G785,2,sugar,base
HAIRPIN.5VPO.6.CCUGCAAG,HELIX.5VPO.5.UGACU-GGUCA,HAIRPIN.5VPO.6.CCUGCAAG.0,HELIX.5VPO.5.UGACU-GGUCA.0,HAIRPIN,HELIX,RA.A824,RA.G2358,3,sugar,base
HAIRPIN.5VPO.6.CGACACAG,HAIRPIN.5VPO.8.GGAUGCAAAC,HAIRPIN.5VPO.6.CGACACAG.0,HAIRPIN.5VPO.8.GGAUGCAAAC.0,HAIRPIN,HAIRPIN,RA.A750,RA.C1615,3,phos,base
HAIRPIN.5VPO.6.CGAUAACG,HELIX.5VPO.3.GCU-GGC,HAIRPIN.5VPO.6.CGAUAACG.0,HELIX.5VPO.3.GCU-GGC.2,HAIRPIN,HELIX,RA.A959,RA.G2495,4,base,sugar
HAIRPIN.5VPO.6.CGCAAGGG,HELIX.5VPO.6.GCCUCC-GGAGGC,HAIRPIN.5VPO.6.CGCAAGGG.0,HELIX.5VPO.6.GCCUCC-GGAGGC.0,HAIRPIN,HELIX,RA.G2329,RA.U2262,5,sugar,sugar
HAIRPIN.5VPO.6.CGUAAUAG,HAIRPIN.5VPO.9.CUUAGAAGCAG,HAIRPIN.5VPO.6.CGUAAUAG.0,HAIRPIN.5VPO.9.CUUAGAAGCAG.0,HAIRPIN,HAIRPIN,RA.A1069,RA.A1096,5,sugar,sugar
HAIRPIN.5VPO.6.GAAACAUC,HELIX.5VPO.5.ACUGC-GCAGU,HAIRPIN.5VPO.6.GAAACAUC.0,HELIX.5VPO.5.ACUGC-GCAGU.0,HAIRPIN,HELIX,RA.A199,RA.C2078,3,base,sugar
HAIRPIN.5VPO.6.GAAACAUC,SSTRAND.5VPO.6.GAUAAA,HAIRPIN.5VPO.6.GAAACAUC.0,SSTRAND.5VPO.6.GAUAAA.0,HAIRPIN,SSTRAND,RA.A199,RA.A2433,2,sugar,base
HAIRPIN.5VPO.6.GGAACAAC,HAIRPIN.5VPO.13.ACUGGCCGUGAAGAU,HAIRPIN.5VPO.13.ACUGGCCGUGAAGAU.0,HAIRPIN.5VPO.6.GGAACAAC.0,HAIRPIN,HAIRPIN,RA.A980,RA.G2027,3,base,sugar
HAIRPIN.5VPO.6.GGAACAAC,HAIRPIN.5VPO.8.GUGAAGAUGC,HAIRPIN.5VPO.6.GGAACAAC.0,HAIRPIN.5VPO.8.GUGAAGAUGC.0,HAIRPIN,HAIRPIN,RA.A980,RA.G2027,5,base,sugar
HAIRPIN.5VPO.6.GGAACAAC,HELIX.5VPO.5.GGCCG-CGGCC,HAIRPIN.5VPO.6.GGAACAAC.0,HELIX.5VPO.5.GGCCG-CGGCC.0,HAIRPIN,HELIX,RA.A980,RA.G2027,8,base,sugar
HAIRPIN.5VPO.6.GGAACAAC,HELIX.5VPO.7.GGGCGCG-CGCGUCC,HAIRPIN.5VPO.6.GGAACAAC.0,HELIX.5VPO.7.GGGCGCG-CGCGUCC.0,HAIRPIN,HELIX,RA.A984,RA.C970,6,base,sugar
HAIRPIN.5VPO.6.GGACCACC,HELIX.5VPO.5.GGGGU-GCCCC,HAIRPIN.5VPO.6.GGACCACC.0,HELIX.5VPO.5.GGGGU-GCCCC.0,HAIRPIN,HELIX,RA.C1879,RA.C414,5,phos,sugar
HAIRPIN.5VPO.6.GUUAAGUC,NWAY.5VPO.7-5-9.CGUCGUCAG-CGCAACC-GACGACGUCUG,HAIRPIN.5VPO.6.GUUAAGUC.0,NWAY.5VPO.7-5-9.CGUCGUCAG-CGCAACC-GACGACGUCUG.0,HAIRPIN,NWAY,QA.A1067,QA.A1093,4,sugar,sugar
HAIRPIN.5VPO.6.UGAAGAAG,HAIRPIN.5VPO.7.CGUCCACAG,HAIRPIN.5VPO.6.UGAAGAAG.0,HAIRPIN.5VPO.7.CGUCCACAG.0,HAIRPIN,HAIRPIN,RA.G2472,RA.G2529,2,base,base
HAIRPIN.5VPO.6.UGAAGAAG,TWOWAY.5VPO.5-4.CUAGUAC-GGACCG,HAIRPIN.5VPO.6.UGAAGAAG.0,TWOWAY.5VPO.5-4.CUAGUAC-GGACCG.0,HAIRPIN,TWOWAY,RA.A2531,RA.C2658,9,base,sugar
HAIRPIN.5VPO.6.UGCGAUAA,SSTRAND.5VPO.3.AUG,HAIRPIN.5VPO.6.UGCGAUAA.0,SSTRAND.5VPO.3.AUG.0,HAIRPIN,SSTRAND,RA.G113,RA.G70,3,phos,base
HAIRPIN.5VPO.6.UUGGGAAG,HAIRPIN.5VPO.7.GUGAAAGCC,HAIRPIN.5VPO.6.UUGGGAAG.0,HAIRPIN.5VPO.7.GUGAAAGCC.0,HAIRPIN,HAIRPIN,RA.A310,RA.A330,11,base,sugar
HAIRPIN.5VPO.6.UUGGGAAG,NWAY.5VPO.3-2-1-7-3.CGAAG-CGCC-GAG-GUGAAAGCC-CGUAG,HAIRPIN.5VPO.6.UUGGGAAG.0,NWAY.5VPO.3-2-1-7-3.CGAAG-CGCC-GAG-GUGAAAGCC-CGUAG.0,HAIRPIN,NWAY,RA.A310,RA.A330,11,base,sugar
HAIRPIN.5VPO.7.CGUCCACAG,HELIX.5VPO.2.GC-GC,HAIRPIN.5VPO.7.CGUCCACAG.0,HELIX.5VPO.2.GC-GC.10,HAIRPIN,HELIX,RA.A2476,RA.C2480,3,sugar,base
HAIRPIN.5VPO.7.CGUCCACAG,HELIX.5VPO.6.GGGGCU-GGUCCC,HAIRPIN.5VPO.7.CGUCCACAG.0,HELIX.5VPO.6.GGGGCU-GGUCCC.0,HAIRPIN,HELIX,RA.A2478,RA.G2536,2,sugar,base
HAIRPIN.5VPO.7.CGUCCACAG,TWOWAY.5VPO.3-3.CCGAG-CGGCG,HAIRPIN.5VPO.7.CGUCCACAG.0,TWOWAY.5VPO.3-3.CCGAG-CGGCG.0,HAIRPIN,TWOWAY,RA.A2476,RA.C2480,5,sugar,base
HAIRPIN.5VPO.7.GAAGACCAC,HELIX.5VPO.8.CCCGUGGC-GCCACGGG,HAIRPIN.5VPO.7.GAAGACCAC.0,HELIX.5VPO.8.CCCGUGGC-GCCACGGG.0,HAIRPIN,HELIX,RA.C2622,RA.C2824,4,sugar,base
HAIRPIN.5VPO.7.GAAGACCAC,TWOWAY.5VPO.4-1.GAGAAC-GAC,HAIRPIN.5VPO.7.GAAGACCAC.0,TWOWAY.5VPO.4-1.GAGAAC-GAC.0,HAIRPIN,TWOWAY,RA.A2823,RA.C2006,5,sugar,sugar
HAIRPIN.5VPO.7.GGUAAGUUC,HELIX.5VPO.5.UGGGC-GCCCA,HAIRPIN.5VPO.7.GGUAAGUUC.0,HELIX.5VPO.5.UGGGC-GCCCA.0,HAIRPIN,HELIX,RA.A1952,RA.C2560,11,sugar,sugar
HAIRPIN.5VPO.7.GGUAAGUUC,HELIX.5VPO.7.GCUCUGG-CCGGAGC,HAIRPIN.5VPO.7.GGUAAGUUC.0,HELIX.5VPO.7.GCUCUGG-CCGGAGC.0,HAIRPIN,HELIX,RA.A1986,RA.G1954,3,base,phos
HAIRPIN.5VPO.7.GGUAAUGGC,HELIX.5VPO.8.GCGUGGGU-GCCCGCGU,HAIRPIN.5VPO.7.GGUAAUGGC.0,HELIX.5VPO.8.GCGUGGGU-GCCCGCGU.0,HAIRPIN,HELIX,QA.A262,QA.G232,4,sugar,base
HAIRPIN.5VPO.7.GGUAAUGGC,TWOWAY.5VPO.4-2.-1-1-0,HAIRPIN.5VPO.7.GGUAAUGGC.0,TWOWAY.5VPO.4-2.-1-1-0.U-GAC-GG,HAIRPIN,TWOWAY,QA.A130,QA.A263,9,base,sugar
HAIRPIN.5VPO.7.GUGAGAAUC,NWAY.5VPO.5-0-2-0.CGAUAAA-UC-GCGC-GG,HAIRPIN.5VPO.7.GUGAGAAUC.0,NWAY.5VPO.5-0-2-0.CGAUAAA-UC-GCGC-GG.0,HAIRPIN,NWAY,RA.A1287,RA.C1648,4,base,base
HAIRPIN.5VPO.7.UUCGUGGAG,HELIX.5VPO.2.GC-GC,HAIRPIN.5VPO.7.UUCGUGGAG.0,HELIX.5VPO.2.GC-GC.9,HAIRPIN,HELIX,RA.C246,RA.U384,3,sugar,sugar
HAIRPIN.5VPO.7.UUCGUGGAG,TWOWAY.5VPO.5-4.UGAGUAG-CGAAAG,HAIRPIN.5VPO.7.UUCGUGGAG.0,TWOWAY.5VPO.5-4.UGAGUAG-CGAAAG.0,HAIRPIN,TWOWAY,RA.G245,RA.U384,3,base,sugar
HAIRPIN.5VPO.8.CGGUGAAAUG,HAIRPIN.5VPO.9.GAUUAGAUACC,HAIRPIN.5VPO.8.CGGUGAAAUG.0,HAIRPIN.5VPO.9.GAUUAGAUACC.0,HAIRPIN,HAIRPIN,QA.A694,QA.A787,8,base,sugar
HAIRPIN.5VPO.8.CGGUGAAAUG,HELIX.5VPO.4.CCGG-CCGG,HAIRPIN.5VPO.8.CGGUGAAAUG.0,HELIX.5VPO.4.CCGG-CCGG.0,HAIRPIN,HELIX,QA.A695,QA.C797,12,base,sugar
HAIRPIN.5VPO.8.CGUGUGGAAG,HELIX.5VPO.5.GGGGU-GCCCC,HAIRPIN.5VPO.8.CGUGUGGAAG.0,HELIX.5VPO.5.GGGGU-GCCCC.0,HAIRPIN,HELIX,RA.G2409,RA.U1864,5,sugar,base
HAIRPIN.5VPO.8.CUGCAACCCG,SSTRAND.5VPO.10.AAGAACCUUA,HAIRPIN.5VPO.8.CUGCAACCCG.0,SSTRAND.5VPO.10.AAGAACCUUA.0,HAIRPIN,SSTRAND,QA.A978,QA.C1322,4,sugar,base
HAIRPIN.5VPO.8.GAAGCAACGC,HELIX.5VPO.8.CACGUGCU-AGCAUGUG,HAIRPIN.5VPO.8.GAAGCAACGC.0,HELIX.5VPO.8.CACGUGCU-AGCAUGUG.0,HAIRPIN,HELIX,QA.A949,QA.G971,6,sugar,base
HAIRPIN.5VPO.8.GAAGCAACGC,NWAY.5VPO.7-5-9.CGUCGUCAG-CGCAACC-GACGACGUCUG,HAIRPIN.5VPO.8.GAAGCAACGC.0,NWAY.5VPO.7-5-9.CGUCGUCAG-CGCAACC-GACGACGUCUG.0,HAIRPIN,NWAY,QA.A968,QA.G1061,2,base,base
HAIRPIN.5VPO.8.GUUAAUAUUC,HELIX.5VPO.6.CCUACG-CGUAGG,HAIRPIN.5VPO.8.GUUAAUAUUC.0,HELIX.5VPO.6.CCUACG-CGUAGG.0,HAIRPIN,HELIX,RA.A1393,RA.C1314,6,base,sugar
HAIRPIN.5VPO.8.GUUAAUAUUC,NWAY.5VPO.3-6-1-3-2-0-2.GGUUC-GGUUAGGC-GAC-GGCAG-CCCU-AC-GUAC,HAIRPIN.5VPO.8.GUUAAUAUUC.0,NWAY.5VPO.3-6-1-3-2-0-2.GGUUC-GGUUAGGC-GAC-GGCAG-CCCU-AC-GUAC.0,HAIRPIN,NWAY,RA.A1393,RA.A1603,8,sugar,sugar
HAIRPIN.5VPO.8.UAUUGAAGCA,NWAY.5VPO.0-4-4-0-2-5-3.GG-CGGUAG-CGAAAU-AG-UGAG-CGAG-CGC-GAGAC,HAIRPIN.5VPO.8.UAUUGAAGCA.0,NWAY.5VPO.0-4-4-0-2-5-3.GG-CGGUAG-CGAAAU-AG-UGAG-CGAG-CGC-GAGAC.0,HAIRPIN,NWAY,RA.G570,RA.G972,3,phos,sugar
HAIRPIN.5VPO.9.CUUAGAAGCAG,HELIX.5VPO.2.GC-GC,HAIRPIN.5VPO.9.CUUAGAAGCAG.0,HELIX.5VPO.2.GC-GC.6,HAIRPIN,HELIX,RA.C1072,RA.C1092,2,base,base
HAIRPIN.5VPO.9.CUUAGAAGCAG,NWAY.5VPO.1-9-3.GGA-UUUAAAGAGUG-CUCAC,HAIRPIN.5VPO.9.CUUAGAAGCAG.0,NWAY.5VPO.1-9-3.GGA-UUUAAAGAGUG-CUCAC.0,HAIRPIN,NWAY,RA.G1071,RA.G1089,3,sugar,phos
HAIRPIN.5VPO.9.GAUUAGAUACC,TWOWAY.5VPO.4-6.CCGCCC-GUAACAAG,HAIRPIN.5VPO.9.GAUUAGAUACC.0,TWOWAY.5VPO.4-6.CCGCCC-GUAACAAG.0,HAIRPIN,TWOWAY,QA.G1497,QA.G791,3,base,sugar
HAIRPIN.5VPO.9.GUAACUAUAAC,TWOWAY.5VPO.3-4.GUCAC-GAAGUC,HAIRPIN.5VPO.9.GUAACUAUAAC.0,TWOWAY.5VPO.3-4.GUCAC-GAAGUC.0,HAIRPIN,TWOWAY,QA.A1408,RA.A1916,7,sugar,base
HAIRPIN.5VPO.9.UUUACCAAAAA,HELIX.5VPO.2.CG-CG,HAIRPIN.5VPO.9.UUUACCAAAAA.0,HELIX.5VPO.2.CG-CG.3,HAIRPIN,HELIX,RA.A1786,RA.G1980,2,phos,base
HAIRPIN.5VPO.9.UUUACCAAAAA,HELIX.5VPO.4.GAAC-GUUC,HAIRPIN.5VPO.9.UUUACCAAAAA.0,HELIX.5VPO.4.GAAC-GUUC.0,HAIRPIN,HELIX,RA.A1785,RA.G2588,3,base,sugar
HAIRPIN.5VPO.9.UUUACCAAAAA,NWAY.5VPO.5-3-6.CGAGCUA-UAGGA-UAACCGAG,HAIRPIN.5VPO.9.UUUACCAAAAA.0,NWAY.5VPO.5-3-6.CGAGCUA-UAGGA-UAACCGAG.0,HAIRPIN,NWAY,RA.A789,RA.C1781,3,sugar,base
HAIRPIN.5VPO.9.UUUACCAAAAA,TWOWAY.5VPO.0-1.GC-GAC,HAIRPIN.5VPO.9.UUUACCAAAAA.0,TWOWAY.5VPO.0-1.GC-GAC.0,HAIRPIN,TWOWAY,RA.A1786,RA.G1980,2,phos,base
HAIRPIN.5VPO.9.UUUGAUCCUGG,SSTRAND.5VPO.3.AAA,HAIRPIN.5VPO.9.UUUGAUCCUGG.0,SSTRAND.5VPO.3.AAA.0,HAIRPIN,SSTRAND,QA.A914,QA.G21,4,sugar,base
HAIRPIN.6TB3.10.CCUGAGAAACGG,NWAY.6TB3.1-3-5-2-6.GAG-CACAU-AAGGCAG-CAUG-CGAAUGGC,HAIRPIN.6TB3.10.CCUGAGAAACGG.0,NWAY.6TB3.1-3-5-2-6.GAG-CACAU-AAGGCAG-CAUG-CGAAUGGC.0,HAIRPIN,NWAY,2.A92,2.G398,9,phos,base
HAIRPIN.6TB3.11.UUAAACGAUAACG,HAIRPIN.6TB3.7.CUGGGGCGG,HAIRPIN.6TB3.11.UUAAACGAUAACG.0,HAIRPIN.6TB3.7.CUGGGGCGG.0,HAIRPIN,HAIRPIN,BQ.C2616,BQ.C2644,2,base,base
HAIRPIN.6TB3.11.UUAAACGAUAACG,HELIX.6TB3.5.UUUUG-CAGAA,HAIRPIN.6TB3.11.UUAAACGAUAACG.0,HELIX.6TB3.5.UUUUG-CAGAA.0,HAIRPIN,HELIX,BQ.A1136,BQ.A2636,6,sugar,base
HAIRPIN.6TB3.11.UUAAACGAUAACG,TWOWAY.6TB3.7-6.UUUAAAUAU-GAGGUAAA,HAIRPIN.6TB3.11.UUAAACGAUAACG.0,TWOWAY.6TB3.7-6.UUUAAAUAU-GAGGUAAA.0,HAIRPIN,TWOWAY,BQ.A1055,BQ.A2637,4,base,base
HAIRPIN.6TB3.13.CAGCCAAGGGAACGG,HELIX.6TB3.3.GGG-CCU,HAIRPIN.6TB3.13.CAGCCAAGGGAACGG.0,HELIX.6TB3.3.GGG-CCU.0,HAIRPIN,HELIX,BQ.C2365,BQ.U2986,5,sugar,sugar
HAIRPIN.6TB3.13.CAGCCAAGGGAACGG,TWOWAY.6TB3.2-1.GCGG-UAC,HAIRPIN.6TB3.13.CAGCCAAGGGAACGG.0,TWOWAY.6TB3.2-1.GCGG-UAC.0,HAIRPIN,TWOWAY,BQ.C2365,BQ.U2986,2,sugar,sugar
HAIRPIN.6TB3.20.GGCACAUCUGUUAAACGAUAAC,HAIRPIN.6TB3.6.CAAAAGGG,HAIRPIN.6TB3.20.GGCACAUCUGUUAAACGAUAAC.0,HAIRPIN.6TB3.6.CAAAAGGG.0,HAIRPIN,HAIRPIN,BQ.A2696,BQ.C2630,2,sugar,base
HAIRPIN.6TB3.20.GGCACAUCUGUUAAACGAUAAC,HELIX.6TB3.3.AGG-CCU,HAIRPIN.6TB3.20.GGCACAUCUGUUAAACGAUAAC.0,HELIX.6TB3.3.AGG-CCU.2,HAIRPIN,HELIX,BQ.G2698,BQ.U2631,2,sugar,sugar
HAIRPIN.6TB3.20.GGCACAUCUGUUAAACGAUAAC,NWAY.6TB3.1-3-0-0-7-4.GUC-CAAAA-GG-GC-UAUCGAUCC-GGUGCC,HAIRPIN.6TB3.20.GGCACAUCUGUUAAACGAUAAC.0,NWAY.6TB3.1-3-0-0-7-4.GUC-CAAAA-GG-GC-UAUCGAUCC-GGUGCC.0,HAIRPIN,NWAY,BQ.A2696,BQ.C2630,3,sugar,base
HAIRPIN.6TB3.3.CAUAG,SSTRAND.6TB3.3.UAU,HAIRPIN.6TB3.3.CAUAG.0,SSTRAND.6TB3.3.UAU.2,HAIRPIN,SSTRAND,BQ.A187,BQ.A211,2,base,sugar
HAIRPIN.6TB3.3.CAUAG,SSTRAND.6TB3.4.GUGU,HAIRPIN.6TB3.3.CAUAG.0,SSTRAND.6TB3.4.GUGU.0,HAIRPIN,SSTRAND,BQ.G212,BQ.G227,4,phos,base
HAIRPIN.6TB3.4.AGAAAU,HAIRPIN.6TB3.8.GGUAAAUUCC,HAIRPIN.6TB3.4.AGAAAU.1,HAIRPIN.6TB3.8.GGUAAAUUCC.0,HAIRPIN,HAIRPIN,BQ.A2224,BQ.A306,6,sugar,sugar
HAIRPIN.6TB3.4.AGAAAU,HELIX.6TB3.6.GAAUUU-AAAUUC,HAIRPIN.6TB3.4.AGAAAU.1,HELIX.6TB3.6.GAAUUU-AAAUUC.0,HAIRPIN,HELIX,BQ.A2224,BQ.A306,6,sugar,sugar
HAIRPIN.6TB3.4.AGUGAU,HAIRPIN.6TB3.9.GAUCCUGC,HAIRPIN.6TB3.4.AGUGAU.0,HAIRPIN.6TB3.9.GAUCCUGC.0,HAIRPIN,HAIRPIN,2.A11,2.A1300,6,base,sugar
HAIRPIN.6TB3.4.AGUGAU,HELIX.6TB3.3.GGA-UCC,HAIRPIN.6TB3.4.AGUGAU.0,HELIX.6TB3.3.GGA-UCC.0,HAIRPIN,HELIX,2.C13,2.U1298,4,sugar,base
HAIRPIN.6TB3.4.AGUGAU,HELIX.6TB3.6.GAUGGU-ACCAUC,HAIRPIN.6TB3.4.AGUGAU.1,HELIX.6TB3.6.GAUGGU-ACCAUC.0,HAIRPIN,HELIX,BQ.A361,BQ.C927,8,base,sugar
HAIRPIN.6TB3.4.AGUGAU,NWAY.6TB3.5-3-6.UGAACUA-UAGGG-UAAUCGAA,HAIRPIN.6TB3.4.AGUGAU.1,NWAY.6TB3.5-3-6.UGAACUA-UAGGG-UAAUCGAA.0,HAIRPIN,NWAY,BQ.G360,BQ.U814,4,base,sugar
HAIRPIN.6TB3.4.AGUGAU,TWOWAY.6TB3.3-3.0-1--1,HAIRPIN.6TB3.4.AGUGAU.0,TWOWAY.6TB3.3-3.0-1--1.GA-AAU-U,HAIRPIN,TWOWAY,2.A11,2.A1300,8,base,sugar
HAIRPIN.6TB3.4.CAACCG,HAIRPIN.6TB3.8.GGUAAAUUCC,HAIRPIN.6TB3.4.CAACCG.0,HAIRPIN.6TB3.8.GGUAAAUUCC.0,HAIRPIN,HAIRPIN,BQ.A70,BQ.G304,4,phos,base
HAIRPIN.6TB3.4.CAACCG,HELIX.6TB3.5.GGGUG-CAUCU,HAIRPIN.6TB3.4.CAACCG.0,HELIX.6TB3.5.GGGUG-CAUCU.0,HAIRPIN,HELIX,BQ.A313,BQ.A70,6,base,sugar
HAIRPIN.6TB3.4.CAACCG,NWAY.6TB3.1-0-2-0.CGG-UG-GGUA-CC,HAIRPIN.6TB3.4.CAACCG.0,NWAY.6TB3.1-0-2-0.CGG-UG-GGUA-CC.0,HAIRPIN,NWAY,BQ.A70,BQ.G304,4,phos,base
HAIRPIN.6TB3.4.CCAAGG,HAIRPIN.6TB3.5.GUAAUUC,HAIRPIN.6TB3.4.CCAAGG.0,HAIRPIN.6TB3.5.GUAAUUC.0,HAIRPIN,HAIRPIN,2.A156,2.G419,2,base,base
HAIRPIN.6TB3.4.CCUCAG,TWOWAY.6TB3.5-8.CCGAAAG-CUAGUAGCUG,HAIRPIN.6TB3.4.CCUCAG.0,TWOWAY.6TB3.5-8.CCGAAAG-CUAGUAGCUG.0,HAIRPIN,TWOWAY,BQ.A962,BQ.C938,4,phos,sugar
HAIRPIN.6TB3.4.CGAAAG,SSTRAND.6TB3.4.GAAA,HAIRPIN.6TB3.4.CGAAAG.0,SSTRAND.6TB3.4.GAAA.0,HAIRPIN,SSTRAND,2.A941,2.A977,3,sugar,sugar
HAIRPIN.6TB3.4.CGAAAG,TWOWAY.6TB3.1-1.GCU-AAC,HAIRPIN.6TB3.4.CGAAAG.0,TWOWAY.6TB3.1-1.GCU-AAC.0,HAIRPIN,TWOWAY,2.A939,2.C975,8,base,sugar
HAIRPIN.6TB3.4.CGAGAG,HAIRPIN.6TB3.6.AGCAGAAU,HAIRPIN.6TB3.4.CGAGAG.1,HAIRPIN.6TB3.6.AGCAGAAU.0,HAIRPIN,HAIRPIN,BQ.A2900,BQ.A3029,7,base,base
HAIRPIN.6TB3.4.CGAGAG,HELIX.6TB3.6.AGAGCA-UGCUCU,HAIRPIN.6TB3.4.CGAGAG.0,HELIX.6TB3.6.AGAGCA-UGCUCU.0,HAIRPIN,HELIX,2.A1505,2.G1562,4,base,base
HAIRPIN.6TB3.4.CGCAAG,HELIX.6TB3.6.CUUAAC-GUUAGG,HAIRPIN.6TB3.4.CGCAAG.0,HELIX.6TB3.6.CUUAAC-GUUAGG.0,HAIRPIN,HELIX,2.C1021,2.C1123,4,base,base
HAIRPIN.6TB3.4.CGCAAG,SSTRAND.6TB3.6.CAUAAA,HAIRPIN.6TB3.4.CGCAAG.0,SSTRAND.6TB3.6.CAUAAA.0,HAIRPIN,SSTRAND,2.A1023,2.G1126,5,phos,base
HAIRPIN.6TB3.4.CGUAAG,HELIX.6TB3.6.GGCAGG-CCUGCC,HAIRPIN.6TB3.4.CGUAAG.0,HELIX.6TB3.6.GGCAGG-CCUGCC.0,HAIRPIN,HELIX,BQ.A1407,BQ.C944,7,sugar,sugar
HAIRPIN.6TB3.4.CGUAAG,NWAY.6TB3.2-8-4-2-2.GCGU-AGUGCAGAUC-GGAGUC-GGAC-GUUC,HAIRPIN.6TB3.4.CGUAAG.0,NWAY.6TB3.2-8-4-2-2.GCGU-AGUGCAGAUC-GGAGUC-GGAC-GUUC.0,HAIRPIN,NWAY,BQ.A1407,BQ.C944,4,sugar,sugar
HAIRPIN.6TB3.4.CGUGAG,HELIX.6TB3.4.AGCU-AGUU,HAIRPIN.6TB3.4.CGUGAG.0,HELIX.6TB3.4.AGCU-AGUU.0,HAIRPIN,HELIX,BQ.A2967,BQ.C2415,7,sugar,sugar
HAIRPIN.6TB3.4.CGUGAG,SSTRAND.6TB3.2.UG,HAIRPIN.6TB3.4.CGUGAG.0,SSTRAND.6TB3.2.UG.0,HAIRPIN,SSTRAND,BQ.G2966,BQ.U2417,2,sugar,base
HAIRPIN.6TB3.4.CUUCGG,SSTRAND.6TB3.4.UUAA,HAIRPIN.6TB3.4.CUUCGG.1,SSTRAND.6TB3.4.UUAA.0,HAIRPIN,SSTRAND,BQ.U1925,BQ.U2319,2,base,sugar
HAIRPIN.6TB3.4.GAAGCU,HAIRPIN.6TB3.5.AGAAAGU,HAIRPIN.6TB3.4.GAAGCU.0,HAIRPIN.6TB3.5.AGAAAGU.0,HAIRPIN,HAIRPIN,BQ.A2166,BQ.G1544,5,base,base
HAIRPIN.6TB3.4.GAAGCU,HELIX.6TB3.4.CCGC-GCGG,HAIRPIN.6TB3.4.GAAGCU.0,HELIX.6TB3.4.CCGC-GCGG.0,HAIRPIN,HELIX,BQ.A1546,BQ.G53,2,base,base
HAIRPIN.6TB3.4.GAAGCU,TWOWAY.6TB3.6-7.CUGAACUU-AUCAAUAAG,HAIRPIN.6TB3.4.GAAGCU.0,TWOWAY.6TB3.6-7.CUGAACUU-AUCAAUAAG.0,HAIRPIN,TWOWAY,BQ.A1546,BQ.G53,2,base,base
HAIRPIN.6TB3.4.GGAAAC,HELIX.6TB3.2.UC-GA,HAIRPIN.6TB3.4.GGAAAC.0,HELIX.6TB3.2.UC-GA.1,HAIRPIN,HELIX,2.G972,BQ.A846,4,base,base
HAIRPIN.6TB3.4.GGAAAC,TWOWAY.6TB3.3-3.CGUAG-UCAAG,HAIRPIN.6TB3.4.GGAAAC.0,TWOWAY.6TB3.3-3.CGUAG-UCAAG.0,HAIRPIN,TWOWAY,2.A971,BQ.A846,5,base,base
HAIRPIN.6TB3.4.GGUAAC,HELIX.6TB3.5.ACCCC-GGGGU,HAIRPIN.6TB3.4.GGUAAC.0,HELIX.6TB3.5.ACCCC-GGGGU.0,HAIRPIN,HELIX,BQ.A1637,BQ.C1709,9,base,sugar
HAIRPIN.6TB3.4.GUAUUC,TWOWAY.6TB3.1-0.GAU-GC,HAIRPIN.6TB3.4.GUAUUC.0,TWOWAY.6TB3.1-0.GAU-GC.0,HAIRPIN,TWOWAY,BQ.G1618,BS.A126,2,sugar,base
HAIRPIN.6TB3.4.GUGAAC,HELIX.6TB3.2.CG-CG,HAIRPIN.6TB3.4.GUGAAC.0,HELIX.6TB3.2.CG-CG.0,HAIRPIN,HELIX,2.A1782,2.C1641,10,base,sugar
HAIRPIN.6TB3.4.GUGAAC,TWOWAY.6TB3.4-5.GUCGCU-AAAAGUC,HAIRPIN.6TB3.4.GUGAAC.0,TWOWAY.6TB3.4-5.GUCGCU-AAAAGUC.0,HAIRPIN,TWOWAY,2.A1781,2.G1642,6,sugar,sugar
HAIRPIN.6TB3.4.GUGAAC,TWOWAY.6TB3.4-6.CCGCCC-GUAACAAG,HAIRPIN.6TB3.4.GUGAAC.0,TWOWAY.6TB3.4-6.CCGCCC-GUAACAAG.0,HAIRPIN,TWOWAY,2.A1762,2.C1783,6,sugar,phos
HAIRPIN.6TB3.4.UAAGGG,HELIX.6TB3.4.UAGU-AUUA,HAIRPIN.6TB3.4.UAAGGG.0,HELIX.6TB3.4.UAGU-AUUA.0,HAIRPIN,HELIX,2.G23,2.U368,5,sugar,phos
HAIRPIN.6TB3.4.UAAGGG,SSTRAND.6TB3.6.UUGUUG,HAIRPIN.6TB3.4.UAAGGG.0,SSTRAND.6TB3.6.UUGUUG.0,HAIRPIN,SSTRAND,2.G371,2.G613,7,base,base
HAIRPIN.6TB3.4.UGAAAG,HELIX.6TB3.3.CGA-UUG,HAIRPIN.6TB3.4.UGAAAG.1,HELIX.6TB3.3.CGA-UUG.1,HAIRPIN,HELIX,BQ.A710,BQ.A755,8,base,sugar
HAIRPIN.6TB3.4.UGAAAG,HELIX.6TB3.4.CCUC-GAGG,HAIRPIN.6TB3.4.UGAAAG.1,HELIX.6TB3.4.CCUC-GAGG.0,HAIRPIN,HELIX,BQ.A709,BQ.G2787,4,base,sugar
HAIRPIN.6TB3.4.UGAAAG,HELIX.6TB3.7.GGGGGGC-GCCCCCU,HAIRPIN.6TB3.4.UGAAAG.0,HELIX.6TB3.7.GGGGGGC-GCCCCCU.0,HAIRPIN,HELIX,BQ.C2711,BQ.U2744,10,sugar,phos
HAIRPIN.6TB3.5.AGAAAGU,HELIX.6TB3.3.GGG-UCC,HAIRPIN.6TB3.5.AGAAAGU.0,HELIX.6TB3.3.GGG-UCC.0,HAIRPIN,HELIX,BQ.A2166,BQ.C1550,10,sugar,base
HAIRPIN.6TB3.5.AGCAGUU,HAIRPIN.6TB3.7.AUGAGAACU,HAIRPIN.6TB3.5.AGCAGUU.0,HAIRPIN.6TB3.7.AUGAGAACU.0,HAIRPIN,HAIRPIN,BQ.C1469,BQ.C1508,5,base,base
HAIRPIN.6TB3.5.CACAUUG,HELIX.6TB3.3.CGA-UCG,HAIRPIN.6TB3.5.CACAUUG.0,HELIX.6TB3.3.CGA-UCG.0,HAIRPIN,HELIX,BQ.C1832,BS.U113,2,sugar,phos
HAIRPIN.6TB3.5.CACAUUG,NWAY.6TB3.3-6-1-3-2-1-2.GGUUC-GGUUAGUC-AUC-GGAAU-AACC-GGU-GUAC,HAIRPIN.6TB3.5.CACAUUG.0,NWAY.6TB3.3-6-1-3-2-1-2.GGUUC-GGUUAGUC-AUC-GGAAU-AACC-GGU-GUAC.0,HAIRPIN,NWAY,BQ.U1530,BS.G114,4,sugar,sugar
HAIRPIN.6TB3.5.CGGCGAG,HAIRPIN.6TB3.6.UAAGCAUA,HAIRPIN.6TB3.5.CGGCGAG.0,HAIRPIN.6TB3.6.UAAGCAUA.0,HAIRPIN,HAIRPIN,BQ.A39,BQ.A95,8,sugar,sugar
HAIRPIN.6TB3.5.CGGCGAG,NWAY.6TB3.1-3-0-0-7-4.GUC-CAAAA-GG-GC-UAUCGAUCC-GGUGCC,HAIRPIN.6TB3.5.CGGCGAG.0,NWAY.6TB3.1-3-0-0-7-4.GUC-CAAAA-GG-GC-UAUCGAUCC-GGUGCC.0,HAIRPIN,NWAY,BQ.C2764,BQ.C93,2,phos,sugar
HAIRPIN.6TB3.5.GGUAAGC,HAIRPIN.6TB3.13.CAGCCAAGGGAACGG,HAIRPIN.6TB3.13.CAGCCAAGGGAACGG.0,HAIRPIN.6TB3.5.GGUAAGC.0,HAIRPIN,HAIRPIN,BQ.A2372,BQ.G1131,2,base,phos
HAIRPIN.6TB3.5.GGUAAGC,HAIRPIN.6TB3.8.GGGAACGGGC,HAIRPIN.6TB3.5.GGUAAGC.0,HAIRPIN.6TB3.8.GGGAACGGGC.0,HAIRPIN,HAIRPIN,BQ.A2372,BQ.G1131,2,base,phos
HAIRPIN.6TB3.5.GGUAAGC,NWAY.6TB3.0-1-8-0-0.UG-CAC-GGGAACGGGC-CC-GA,HAIRPIN.6TB3.5.GGUAAGC.0,NWAY.6TB3.0-1-8-0-0.UG-CAC-GGGAACGGGC-CC-GA.0,HAIRPIN,NWAY,BQ.A2372,BQ.G1131,2,base,phos
HAIRPIN.6TB3.5.GUAAUUC,HELIX.6TB3.2.UC-GA,HAIRPIN.6TB3.5.GUAAUUC.0,HELIX.6TB3.2.UC-GA.0,HAIRPIN,HELIX,2.A156,2.G419,2,base,base
HAIRPIN.6TB3.5.GUUUAUC,HELIX.6TB3.7.GCCAGAG-CUCUGGU,HAIRPIN.6TB3.5.GUUUAUC.0,HELIX.6TB3.7.GCCAGAG-CUCUGGU.0,HAIRPIN,HELIX,BQ.C839,BQ.U1724,2,sugar,phos
HAIRPIN.6TB3.5.GUUUAUC,TWOWAY.6TB3.1-1.GGC-GAC,HAIRPIN.6TB3.5.GUUUAUC.0,TWOWAY.6TB3.1-1.GGC-GAC.0,HAIRPIN,TWOWAY,BQ.A1723,BQ.C1788,2,base,sugar
HAIRPIN.6TB3.5.GUUUAUC,TWOWAY.6TB3.4-5.GUGAAG-UGGAGGC,HAIRPIN.6TB3.5.GUUUAUC.0,TWOWAY.6TB3.4-5.GUGAAG-UGGAGGC.0,HAIRPIN,TWOWAY,BQ.A1723,BQ.G838,2,base,sugar
HAIRPIN.6TB3.5.UAAUUCA,HELIX.6TB3.2.GU-GC,HAIRPIN.6TB3.5.UAAUUCA.0,HELIX.6TB3.2.GU-GC.0,HAIRPIN,HELIX,2.A452,2.C90,4,sugar,phos
HAIRPIN.6TB3.5.UAAUUCA,NWAY.6TB3.1-3-5-2-6.GAG-CACAU-AAGGCAG-CAUG-CGAAUGGC,HAIRPIN.6TB3.5.UAAUUCA.0,NWAY.6TB3.1-3-5-2-6.GAG-CACAU-AAGGCAG-CAUG-CGAAUGGC.0,HAIRPIN,NWAY,2.A452,2.C90,3,sugar,phos
HAIRPIN.6TB3.5.UAAUUCA,TWOWAY.6TB3.4-1.UCUAAG-CUG,HAIRPIN.6TB3.5.UAAUUCA.0,TWOWAY.6TB3.4-1.UCUAAG-CUG.0,HAIRPIN,TWOWAY,2.A61,2.C455,4,phos,base
HAIRPIN.6TB3.5.UGAACAG,HELIX.6TB3.3.GGG-CUC,HAIRPIN.6TB3.5.UGAACAG.0,HELIX.6TB3.3.GGG-CUC.0,HAIRPIN,HELIX,BQ.A1864,BQ.G831,4,sugar,base
HAIRPIN.6TB3.5.UGAACAG,NWAY.6TB3.2-3-4.AUAG-CGUAG-UCGAAU,HAIRPIN.6TB3.5.UGAACAG.0,NWAY.6TB3.2-3-4.AUAG-CGUAG-UCGAAU.0,HAIRPIN,NWAY,BQ.A1865,BQ.A830,6,sugar,sugar
HAIRPIN.6TB3.5.UUGUUCA,HAIRPIN.6TB3.7.UCUAAUUAG,HAIRPIN.6TB3.5.UUGUUCA.0,HAIRPIN.6TB3.7.UCUAAUUAG.0,HAIRPIN,HAIRPIN,BQ.C2925,BQ.U2298,4,base,base
HAIRPIN.6TB3.5.UUUCAAG,HAIRPIN.6TB3.6.CUUAAUUG,HAIRPIN.6TB3.5.UUUCAAG.0,HAIRPIN.6TB3.6.CUUAAUUG.0,HAIRPIN,HAIRPIN,2.A1401,2.C1309,5,sugar,base
HAIRPIN.6TB3.5.UUUCAAG,HELIX.6TB3.2.GC-GC,HAIRPIN.6TB3.5.UUUCAAG.0,HELIX.6TB3.2.GC-GC.1,HAIRPIN,HELIX,2.A1401,2.C1309,4,sugar,base
HAIRPIN.6TB3.6.AGCAGAAU,HAIRPIN.6TB3.7.CGUUCAUAG,HAIRPIN.6TB3.6.AGCAGAAU.0,HAIRPIN.6TB3.7.CGUUCAUAG.0,HAIRPIN,HAIRPIN,BQ.A2847,BQ.A2897,3,sugar,sugar
HAIRPIN.6TB3.6.AGCAGAAU,TWOWAY.6TB3.6-5.CUUAGUAC-GGAACAG,HAIRPIN.6TB3.6.AGCAGAAU.0,TWOWAY.6TB3.6-5.CUUAGUAC-GGAACAG.0,HAIRPIN,TWOWAY,BQ.A2900,BQ.C3025,9,sugar,sugar
HAIRPIN.6TB3.6.CAAAAGGG,HELIX.6TB3.6.AUCUGU-GCAGAU,HAIRPIN.6TB3.6.CAAAAGGG.0,HELIX.6TB3.6.AUCUGU-GCAGAU.0,HAIRPIN,HELIX,BQ.G2698,BQ.U2631,4,sugar,sugar
HAIRPIN.6TB3.6.CGCAGCAG,HAIRPIN.6TB3.8.ACGUGCAAAU,HAIRPIN.6TB3.6.CGCAGCAG.0,HAIRPIN.6TB3.8.ACGUGCAAAU.0,HAIRPIN,HAIRPIN,BQ.A1847,BQ.A882,2,phos,base
HAIRPIN.6TB3.6.CGCAGCAG,NWAY.6TB3.5-3-6.UGAACUA-UAGGG-UAAUCGAA,HAIRPIN.6TB3.6.CGCAGCAG.0,NWAY.6TB3.5-3-6.UGAACUA-UAGGG-UAAUCGAA.0,HAIRPIN,NWAY,BQ.A921,BQ.C1846,2,base,phos
HAIRPIN.6TB3.6.CUUAAUUG,NWAY.6TB3.4-4-4.UCUUAG-CGAGAC-GCAAUA,HAIRPIN.6TB3.6.CUUAAUUG.0,NWAY.6TB3.4-4-4.UCUUAG-CGAGAC-GCAAUA.0,HAIRPIN,NWAY,2.A1287,2.A1313,4,sugar,sugar
HAIRPIN.6TB3.6.GAUGAUUC,TWOWAY.6TB3.2-0.UCGU-AA,HAIRPIN.6TB3.6.GAUGAUUC.0,TWOWAY.6TB3.2-0.UCGU-AA.0,HAIRPIN,TWOWAY,2.A247,2.C114,2,sugar,base
HAIRPIN.6TB3.6.GGAUGAAC,HAIRPIN.6TB3.13.CAGCCAAGGGAACGG,HAIRPIN.6TB3.13.CAGCCAAGGGAACGG.0,HAIRPIN.6TB3.6.GGAUGAAC.0,HAIRPIN,HAIRPIN,BQ.A1150,BQ.G2369,4,base,sugar
HAIRPIN.6TB3.6.GGAUGAAC,HAIRPIN.6TB3.8.GGGAACGGGC,HAIRPIN.6TB3.6.GGAUGAAC.0,HAIRPIN.6TB3.8.GGGAACGGGC.0,HAIRPIN,HAIRPIN,BQ.A1150,BQ.G2369,4,base,sugar
HAIRPIN.6TB3.6.GGAUGAAC,HELIX.6TB3.4.GCCA-UGGC,HAIRPIN.6TB3.6.GGAUGAAC.0,HELIX.6TB3.4.GCCA-UGGC.0,HAIRPIN,HELIX,BQ.A1154,BQ.C1118,6,sugar,base
HAIRPIN.6TB3.6.GGAUGAAC,HELIX.6TB3.5.CCAAG-CUUGG,HAIRPIN.6TB3.6.GGAUGAAC.0,HELIX.6TB3.5.CCAAG-CUUGG.0,HAIRPIN,HELIX,BQ.A1150,BQ.G2369,4,base,sugar
HAIRPIN.6TB3.6.GGAUGAAC,NWAY.6TB3.0-1-8-0-0.UG-CAC-GGGAACGGGC-CC-GA,HAIRPIN.6TB3.6.GGAUGAAC.0,NWAY.6TB3.0-1-8-0-0.UG-CAC-GGGAACGGGC-CC-GA.0,HAIRPIN,NWAY,BQ.A1150,BQ.G2369,4,base,sugar
HAIRPIN.6TB3.6.UAAGCAUA,SSTRAND.6TB3.4.GAAA,HAIRPIN.6TB3.6.UAAGCAUA.0,SSTRAND.6TB3.4.GAAA.1,HAIRPIN,SSTRAND,BQ.A2802,BQ.A43,3,base,sugar
HAIRPIN.6TB3.6.UAAGCAUA,TWOWAY.6TB3.5-8.CCGAAAG-CUAGUAGCUG,HAIRPIN.6TB3.6.UAAGCAUA.0,TWOWAY.6TB3.5-8.CCGAAAG-CUAGUAGCUG.0,HAIRPIN,TWOWAY,BQ.A40,BQ.G937,2,sugar,base
HAIRPIN.6TB3.6.UGUAACAA,HAIRPIN.6TB3.9.CAUGGAAGUCG,HAIRPIN.6TB3.6.UGUAACAA.0,HAIRPIN.6TB3.9.CAUGGAAGUCG.0,HAIRPIN,HAIRPIN,BQ.A1244,BQ.A1271,6,base,phos
HAIRPIN.6TB3.6.UUGGAACA,HAIRPIN.6TB3.7.GUGAGAAUC,HAIRPIN.6TB3.6.UUGGAACA.0,HAIRPIN.6TB3.7.GUGAGAAUC.0,HAIRPIN,HAIRPIN,BQ.A198,BQ.G218,8,base,sugar
HAIRPIN.6TB3.6.UUGGAACA,TWOWAY.6TB3.6-3.UGACGAAG-UCGAA,HAIRPIN.6TB3.6.UUGGAACA.0,TWOWAY.6TB3.6-3.UGACGAAG-UCGAA.0,HAIRPIN,TWOWAY,BQ.C1391,BQ.U194,2,sugar,base
HAIRPIN.6TB3.7.CAG,HAIRPIN.6TB3.7.GAUCG,HAIRPIN.6TB3.7.CAG.0,HAIRPIN.6TB3.7.GAUCG.0,HAIRPIN,HAIRPIN,n.A20,n.A59,9,sugar,base
HAIRPIN.6TB3.7.CAG,NWAY.6TB3.1-5-0-2.C-C-M-H-GAU-C-GC-GU----,HAIRPIN.6TB3.7.CAG.0,NWAY.6TB3.1-5-0-2.C-C-M-H-GAU-C-GC-GU----.0,HAIRPIN,NWAY,n.1MG9,n.C13,6,aa,base
HAIRPIN.6TB3.7.CGUUCAUAG,HELIX.6TB3.2.GC-GC,HAIRPIN.6TB3.7.CGUUCAUAG.0,HELIX.6TB3.2.GC-GC.6,HAIRPIN,HELIX,BQ.A2845,BQ.G2839,2,base,sugar
HAIRPIN.6TB3.7.CGUUCAUAG,TWOWAY.6TB3.3-3.UCAAG-CGACA,HAIRPIN.6TB3.7.CGUUCAUAG.0,TWOWAY.6TB3.3-3.UCAAG-CGACA.0,HAIRPIN,TWOWAY,BQ.A2837,BQ.A2845,4,phos,base
HAIRPIN.6TB3.7.GAUAGUGGC,HELIX.6TB3.2.AU-AU,HAIRPIN.6TB3.7.GAUAGUGGC.0,HELIX.6TB3.2.AU-AU.0,HAIRPIN,HELIX,2.A301,2.A333,3,sugar,base
HAIRPIN.6TB3.7.GAUAGUGGC,TWOWAY.6TB3.2-0.UCGU-AA,HAIRPIN.6TB3.7.GAUAGUGGC.0,TWOWAY.6TB3.2-0.UCGU-AA.0,HAIRPIN,TWOWAY,2.A301,2.A333,4,sugar,base
HAIRPIN.6TB3.7.GCGAAAGAC,HAIRPIN.6TB3.9.UCUAAUUAAAA,HAIRPIN.6TB3.7.GCGAAAGAC.0,HAIRPIN.6TB3.9.UCUAAUUAAAA.0,HAIRPIN,HAIRPIN,BQ.A2145,BQ.A915,2,phos,sugar
HAIRPIN.6TB3.7.GCGAAAGAC,HELIX.6TB3.2.GU-AC,HAIRPIN.6TB3.7.GCGAAAGAC.0,HELIX.6TB3.2.GU-AC.8,HAIRPIN,HELIX,BQ.A913,BQ.C2146,6,sugar,sugar
HAIRPIN.6TB3.7.GCGAAAGAC,HELIX.6TB3.9.AUGCCUGAA-UUUGGGUAU,HAIRPIN.6TB3.7.GCGAAAGAC.0,HELIX.6TB3.9.AUGCCUGAA-UUUGGGUAU.0,HAIRPIN,HELIX,BQ.A820,BQ.C911,7,base,sugar
HAIRPIN.6TB3.7.GCGAAAGAC,NWAY.6TB3.5-3-6.UGAACUA-UAGGG-UAAUCGAA,HAIRPIN.6TB3.7.GCGAAAGAC.0,NWAY.6TB3.5-3-6.UGAACUA-UAGGG-UAAUCGAA.0,HAIRPIN,NWAY,BQ.A816,BQ.G910,10,base,base
HAIRPIN.6TB3.7.GUAUACGAC,HELIX.6TB3.5.AUCAG-CUGAU,HAIRPIN.6TB3.7.GUAUACGAC.0,HELIX.6TB3.5.AUCAG-CUGAU.0,HAIRPIN,HELIX,BQ.A2991,BQ.C3308,5,sugar,base
HAIRPIN.6TB3.7.GUCAUCAGC,HAIRPIN.6TB3.8.GACUCAACAC,HAIRPIN.6TB3.7.GUCAUCAGC.0,HAIRPIN.6TB3.8.GACUCAACAC.0,HAIRPIN,HAIRPIN,2.A1196,2.C1602,2,sugar,sugar
HAIRPIN.6TB3.7.GUCAUCAGC,NWAY.6TB3.6-10-3.CUUAAUUU-GGGGAAACUCAC-GGCCG,HAIRPIN.6TB3.7.GUCAUCAGC.0,NWAY.6TB3.6-10-3.CUUAAUUU-GGGGAAACUCAC-GGCCG.0,HAIRPIN,NWAY,2.A1203,2.A1597,3,base,base
HAIRPIN.6TB3.7.UCUAAUUAG,HELIX.6TB3.3.UGG-CCA,HAIRPIN.6TB3.7.UCUAAUUAG.0,HELIX.6TB3.3.UGG-CCA.0,HAIRPIN,HELIX,BQ.A2295,BQ.C2929,7,base,sugar
HAIRPIN.6TB3.7.UCUAAUUAG,TWOWAY.6TB3.1-1.GAU-ACC,HAIRPIN.6TB3.7.UCUAAUUAG.0,TWOWAY.6TB3.1-1.GAU-ACC.0,HAIRPIN,TWOWAY,BQ.A2296,BQ.C2928,6,sugar,sugar
HAIRPIN.6TB3.8.AGGUGAAAUU,HAIRPIN.6TB3.9.CAGAUACC,HAIRPIN.6TB3.8.AGGUGAAAUU.0,HAIRPIN.6TB3.9.CAGAUACC.0,HAIRPIN,HAIRPIN,2.A905,2.A998,6,base,sugar
HAIRPIN.6TB3.8.AGGUGAAAUU,HELIX.6TB3.4.CGUC-GAUG,HAIRPIN.6TB3.8.AGGUGAAAUU.0,HELIX.6TB3.4.CGUC-GAUG.0,HAIRPIN,HELIX,2.A906,2.G1008,10,base,sugar
HAIRPIN.6TB3.8.AUUGAGAGCU,HELIX.6TB3.5.CCAGG-UCUGG,HAIRPIN.6TB3.8.AUUGAGAGCU.0,HELIX.6TB3.5.CCAGG-UCUGG.0,HAIRPIN,HELIX,2.G1212,2.G1241,4,base,base
HAIRPIN.6TB3.8.AUUGAGAGCU,NWAY.6TB3.6-3-7.GUCCAGAC-GGGUG-UUAGACGUU,HAIRPIN.6TB3.8.AUUGAGAGCU.0,NWAY.6TB3.6-3-7.GUCCAGAC-GGGUG-UUAGACGUU.0,HAIRPIN,NWAY,2.A1242,2.G1213,3,sugar,base
HAIRPIN.6TB3.8.AUUGAGAGCU,TWOWAY.6TB3.1-1.ACA-UUU,HAIRPIN.6TB3.8.AUUGAGAGCU.0,TWOWAY.6TB3.1-1.ACA-UUU.0,HAIRPIN,TWOWAY,2.G1245,2.U1249,3,base,base
HAIRPIN.6TB3.8.GACUCAACAC,HELIX.6TB3.4.UGCG-CGCG,HAIRPIN.6TB3.8.GACUCAACAC.0,HELIX.6TB3.4.UGCG-CGCG.0,HAIRPIN,HELIX,2.A1196,2.G1464,4,sugar,base
HAIRPIN.6TB3.8.GACUCAACAC,TWOWAY.6TB3.1-1.CCU-GCG,HAIRPIN.6TB3.8.GACUCAACAC.0,TWOWAY.6TB3.1-1.CCU-GCG.0,HAIRPIN,TWOWAY,2.A1196,2.G1464,2,sugar,base
HAIRPIN.6TB3.8.GUUAAGAUUC,HELIX.6TB3.5.CCACG-CGUGG,HAIRPIN.6TB3.8.GUUAAGAUUC.0,HELIX.6TB3.5.CCACG-CGUGG.0,HAIRPIN,HELIX,BQ.A1602,BQ.C1497,6,sugar,sugar
HAIRPIN.6TB3.8.GUUAAGAUUC,NWAY.6TB3.3-6-1-3-2-1-2.GGUUC-GGUUAGUC-AUC-GGAAU-AACC-GGU-GUAC,HAIRPIN.6TB3.8.GUUAAGAUUC.0,NWAY.6TB3.3-6-1-3-2-1-2.GGUUC-GGUUAGUC-AUC-GGAAU-AACC-GGU-GUAC.0,HAIRPIN,NWAY,BQ.A1603,BQ.G1520,6,base,base
HAIRPIN.6TB3.8.UCUUGAAACA,HAIRPIN.6TB3.13.CAGCCAAGGGAACGG,HAIRPIN.6TB3.13.CAGCCAAGGGAACGG.0,HAIRPIN.6TB3.8.UCUUGAAACA.0,HAIRPIN,HAIRPIN,BQ.A646,BQ.G2371,5,base,base
HAIRPIN.6TB3.8.UCUUGAAACA,HAIRPIN.6TB3.8.GGGAACGGGC,HAIRPIN.6TB3.8.GGGAACGGGC.0,HAIRPIN.6TB3.8.UCUUGAAACA.0,HAIRPIN,HAIRPIN,BQ.A646,BQ.G2371,5,base,base
HAIRPIN.6TB3.8.UCUUGAAACA,NWAY.6TB3.0-1-8-0-0.UG-CAC-GGGAACGGGC-CC-GA,HAIRPIN.6TB3.8.UCUUGAAACA.0,NWAY.6TB3.0-1-8-0-0.UG-CAC-GGGAACGGGC-CC-GA.0,HAIRPIN,NWAY,BQ.A646,BQ.G2371,6,base,base
HAIRPIN.6TB3.8.UCUUGAAACA,NWAY.6TB3.2-4-3-0-4-6-2.UGGG-CGAUGC-GAACG-CC-GAGUAG-CGAAGUUU-AUAG,HAIRPIN.6TB3.8.UCUUGAAACA.0,NWAY.6TB3.2-4-3-0-4-6-2.UGGG-CGAUGC-GAACG-CC-GAGUAG-CGAAGUUU-AUAG.0,HAIRPIN,NWAY,BQ.G1142,BQ.G644,6,phos,sugar
HAIRPIN.6TB3.8.UUUGGGAAUG,HELIX.6TB3.4.CCUC-GAGG,HAIRPIN.6TB3.8.UUUGGGAAUG.0,HELIX.6TB3.4.CCUC-GAGG.0,HAIRPIN,HELIX,BQ.A2785,BQ.A284,3,base,sugar
HAIRPIN.6TB3.8.UUUGGGAAUG,NWAY.6TB3.1-0-2-0.CGG-UG-GGUA-CC,HAIRPIN.6TB3.8.UUUGGGAAUG.0,NWAY.6TB3.1-0-2-0.CGG-UG-GGUA-CC.0,HAIRPIN,NWAY,BQ.A284,BQ.G2784,3,base,base
HAIRPIN.6TB3.8.UUUGGGAAUG,TWOWAY.6TB3.8-7.2-6-1,HAIRPIN.6TB3.8.UUUGGGAAUG.0,TWOWAY.6TB3.8-7.2-6-1.AGCG-CUUAGUAA-UGA,HAIRPIN,TWOWAY,BQ.A89,BQ.G281,3,sugar,sugar
HAIRPIN.6TB3.9.CAGAUACC,TWOWAY.6TB3.4-6.CCGCCC-GUAACAAG,HAIRPIN.6TB3.9.CAGAUACC.0,TWOWAY.6TB3.4-6.CCGCCC-GUAACAAG.0,HAIRPIN,TWOWAY,2.G1002,2.G1760,2,base,sugar
HAIRPIN.6TB3.9.CAUGGAAGUCG,HELIX.6TB3.2.CC-GG,HAIRPIN.6TB3.9.CAUGGAAGUCG.0,HELIX.6TB3.2.CC-GG.5,HAIRPIN,HELIX,BQ.A1245,BQ.C1238,2,base,phos
HAIRPIN.6TB3.9.CAUGGAAGUCG,NWAY.6TB3.1-9-3.GAC-GCUAAGGAGUG-CUCAC,HAIRPIN.6TB3.9.CAUGGAAGUCG.0,NWAY.6TB3.1-9-3.GAC-GCUAAGGAGUG-CUCAC.0,HAIRPIN,NWAY,BQ.G1246,BQ.G1264,3,base,sugar
HAIRPIN.6TB3.9.CAUGGAAGUCG,TWOWAY.6TB3.3-3.GUGGC-GAAUC,HAIRPIN.6TB3.9.CAUGGAAGUCG.0,TWOWAY.6TB3.3-3.GUGGC-GAAUC.0,HAIRPIN,TWOWAY,BQ.A1245,BQ.C1238,2,base,phos
HAIRPIN.6TB3.9.GAUCCUGC,HAIRPIN.6TB3.4.AGAAAU,HAIRPIN.6TB3.4.AGAAAU.0,HAIRPIN.6TB3.9.GAUCCUGC.0,HAIRPIN,HAIRPIN,2.A1086,2.C13,2,sugar,sugar
HAIRPIN.6TB3.9.GAUCCUGC,NWAY.6TB3.4-0-5.AGAAAU-UC-GUUAAAA,HAIRPIN.6TB3.9.GAUCCUGC.0,NWAY.6TB3.4-0-5.AGAAAU-UC-GUUAAAA.0,HAIRPIN,NWAY,2.A1086,2.C13,3,sugar,sugar
HAIRPIN.6TB3.9.GAUCCUGC,SSTRAND.6TB3.3.AAA,HAIRPIN.6TB3.9.GAUCCUGC.0,SSTRAND.6TB3.3.AAA.0,HAIRPIN,SSTRAND,2.A1137,2.C17,5,sugar,base
HAIRPIN.6TB3.9.GUAACUAUGAC,TWOWAY.6TB3.4-5.GUCGCU-AAAAGUC,HAIRPIN.6TB3.9.GUAACUAUGAC.0,TWOWAY.6TB3.4-5.GUCGCU-AAAAGUC.0,HAIRPIN,TWOWAY,2.A1755,BQ.A2256,8,base,base
HAIRPIN.6TB3.9.UCUAAUUAAAA,HELIX.6TB3.4.GACC-GGUU,HAIRPIN.6TB3.9.UCUAAUUAAAA.0,HELIX.6TB3.4.GACC-GGUU.0,HAIRPIN,HELIX,BQ.A2143,BQ.G2957,4,base,base
HAIRPIN.6TB3.9.UCUAAUUAAAA,NWAY.6TB3.5-3-6.UGAACUA-UAGGG-UAAUCGAA,HAIRPIN.6TB3.9.UCUAAUUAAAA.0,NWAY.6TB3.5-3-6.UGAACUA-UAGGG-UAAUCGAA.0,HAIRPIN,NWAY,BQ.A2139,BQ.A921,3,base,base
HAIRPIN.6TB3.9.UCUAAUUAAAA,TWOWAY.6TB3.0-1.CU-GAG,HAIRPIN.6TB3.9.UCUAAUUAAAA.0,TWOWAY.6TB3.0-1.CU-GAG.0,HAIRPIN,TWOWAY,BQ.A2142,BQ.A2324,2,sugar,base
HELIX.5VPO.10.GGUCUCUGGG-CCUGGGGGCC,HELIX.5VPO.2.GC-GC,HELIX.5VPO.10.GGUCUCUGGG-CCUGGGGGCC.0,HELIX.5VPO.2.GC-GC.4,HELIX,HELIX,QA.G725,QA.G853,2,phos,base
HELIX.5VPO.10.GGUCUCUGGG-CCUGGGGGCC,NWAY.5VPO.5-12-1.UGGAAUU-AGGAACGCCGAUGG-CAG,HELIX.5VPO.10.GGUCUCUGGG-CCUGGGGGCC.0,NWAY.5VPO.5-12-1.UGGAAUU-AGGAACGCCGAUGG-CAG.0,HELIX,NWAY,QA.G724,QA.G854,3,phos,sugar
HELIX.5VPO.11.UUCCCGCAGGU-ACCUGCGGGAA,HELIX.5VPO.2.GC-GC,HELIX.5VPO.11.UUCCCGCAGGU-ACCUGCGGGAA.0,HELIX.5VPO.2.GC-GC.7,HELIX,HELIX,RA.A1587,RA.C1417,4,sugar,base
HELIX.5VPO.11.UUCCCGCAGGU-ACCUGCGGGAA,TWOWAY.5VPO.3-3.CGAUG-CUAAG,HELIX.5VPO.11.UUCCCGCAGGU-ACCUGCGGGAA.0,TWOWAY.5VPO.3-3.CGAUG-CUAAG.0,HELIX,TWOWAY,RA.A1587,RA.C1417,4,sugar,base
HELIX.5VPO.13.CACGGUCGUGGGC-GUCCGCGGCCGUG,HELIX.5VPO.3.GCU-GGC,HELIX.5VPO.13.CACGGUCGUGGGC-GUCCGCGGCCGUG.0,HELIX.5VPO.3.GCU-GGC.3,HELIX,HELIX,RA.C605,RA.C658,5,sugar,sugar
HELIX.5VPO.13.GCGGGCUCUACCC-GGGUAGGGCCCGU,TWOWAY.5VPO.4-5.CGUAAC-GGAGAAG,HELIX.5VPO.13.GCGGGCUCUACCC-GGGUAGGGCCCGU.0,TWOWAY.5VPO.4-5.CGUAAC-GGAGAAG.0,HELIX,TWOWAY,QA.A1473,RA.G1702,3,sugar,sugar
HELIX.5VPO.2.CA-UG,TWOWAY.5VPO.1-1.GAU-AAU,HELIX.5VPO.2.CA-UG.0,TWOWAY.5VPO.1-1.GAU-AAU.0,HELIX,TWOWAY,QA.A1396,QA.G15,2,phos,sugar
HELIX.5VPO.2.GG-CC,TWOWAY.5VPO.4-6.CCGCCC-GUAACAAG,HELIX.5VPO.2.GG-CC.1,TWOWAY.5VPO.4-6.CCGCCC-GUAACAAG.0,HELIX,TWOWAY,QA.U1498,QX.C1,2,sugar,phos
HELIX.5VPO.3.CCA-UGG,HELIX.5VPO.5.GCCGG-CCGGC,HELIX.5VPO.3.CCA-UGG.0,HELIX.5VPO.5.GCCGG-CCGGC.0,HELIX,HELIX,RA.C1387,RA.C1468,7,sugar,sugar
HELIX.5VPO.3.CCC-GGG,HELIX.5VPO.5.GGCCG-CGGCC,HELIX.5VPO.3.CCC-GGG.1,HELIX.5VPO.5.GGCCG-CGGCC.0,HELIX,HELIX,RA.G1136,RA.G2038,3,base,sugar
HELIX.5VPO.3.CCG-CGG,TWOWAY.5VPO.8-10.GGACGAAACC-GACUGACGGUAC,HELIX.5VPO.3.CCG-CGG.0,TWOWAY.5VPO.8-10.GGACGAAACC-GACUGACGGUAC.0,HELIX,TWOWAY,QA.A482,QA.C370,3,base,sugar
HELIX.5VPO.3.CCU-GGG,NWAY.5VPO.2-1-3-1.GGGC-GAC-GGAAG-CGC,HELIX.5VPO.3.CCU-GGG.0,NWAY.5VPO.2-1-3-1.GGGC-GAC-GGAAG-CGC.0,HELIX,NWAY,RA.G2543,RA.G2645,2,sugar,sugar
HELIX.5VPO.3.CGG-CCG,TWOWAY.5VPO.5-5.1-3-0,HELIX.5VPO.3.CGG-CCG.1,TWOWAY.5VPO.5-5.1-3-0.AAG-CGAAG-CU,HELIX,TWOWAY,RA.A1001,RA.C986,10,base,sugar
HELIX.5VPO.3.GCA-UGC,TWOWAY.5VPO.4-2.GCAAUG-UGAC,HELIX.5VPO.3.GCA-UGC.0,TWOWAY.5VPO.4-2.GCAAUG-UGAC.0,HELIX,TWOWAY,QA.A356,QA.G388,4,sugar,base
HELIX.5VPO.3.GCC-GGC,TWOWAY.5VPO.3-3.UCAAG-CGAAG,HELIX.5VPO.3.GCC-GGC.2,TWOWAY.5VPO.3-3.UCAAG-CGAAG.0,HELIX,TWOWAY,RA.G1891,RA.G2235,5,sugar,sugar
HELIX.5VPO.3.GCG-CGC,HELIX.5VPO.2.GC-GC,HELIX.5VPO.2.GC-GC.1,HELIX.5VPO.3.GCG-CGC.0,HELIX,HELIX,QA.C1259,QA.C1284,2,sugar,sugar
HELIX.5VPO.3.GCG-CGC,TWOWAY.5VPO.2-2.CCAC-GGAG,HELIX.5VPO.3.GCG-CGC.0,TWOWAY.5VPO.2-2.CCAC-GGAG.0,HELIX,TWOWAY,QA.A1261,QA.G1283,4,sugar,phos
HELIX.5VPO.3.GGC-GCC,HELIX.5VPO.7.GGUCCCC-GGGGGCC,HELIX.5VPO.3.GGC-GCC.6,HELIX.5VPO.7.GGUCCCC-GGGGGCC.0,HELIX,HELIX,RA.G2290,RA.G2373,9,sugar,base
HELIX.5VPO.3.GGC-GCU,HELIX.5VPO.6.GCGCGC-GCGCGC,HELIX.5VPO.3.GGC-GCU.0,HELIX.5VPO.6.GCGCGC-GCGCGC.0,HELIX,HELIX,QA.C879,QA.U757,5,sugar,base
HELIX.5VPO.3.GGC-GUC,HELIX.5VPO.4.GGGC-GCCU,HELIX.5VPO.3.GGC-GUC.0,HELIX.5VPO.4.GGGC-GCCU.0,HELIX,HELIX,QA.C106,QA.C379,8,sugar,phos
HELIX.5VPO.3.GGG-CCC,NWAY.5VPO.31-1-2.CUA-A-A-C-G-G-G-UC-G-CUG-UAAG,HELIX.5VPO.3.GGG-CCC.2,NWAY.5VPO.31-1-2.CUA-A-A-C-G-G-G-UC-G-CUG-UAAG.0,HELIX,NWAY,RA.A270,RA.C366,15,base,sugar
HELIX.5VPO.3.GGG-CUC,SSTRAND.5VPO.3.AAA,HELIX.5VPO.3.GGG-CUC.0,SSTRAND.5VPO.3.AAA.0,HELIX,SSTRAND,QA.A914,QA.G885,3,sugar,base
HELIX.5VPO.3.GUU-GAC,NWAY.5VPO.6-1-1-3-2.CGGACGGG-CAG-CAC-GGCAG-CAAG,HELIX.5VPO.3.GUU-GAC.0,NWAY.5VPO.6-1-1-3-2.CGGACGGG-CAG-CAC-GGCAG-CAAG.0,HELIX,NWAY,QA.A53,QA.G316,2,phos,sugar
HELIX.5VPO.3.UCC-GGA,HAIRPIN.5VPO.4.CUAACG,HAIRPIN.5VPO.4.CUAACG.0,HELIX.5VPO.3.UCC-GGA.0,HELIX,HAIRPIN,QA.A864,QA.G917,3,base,sugar
HELIX.5VPO.3.UGU-ACG,TWOWAY.5VPO.4-6.CCGCCC-GUAACAAG,HELIX.5VPO.3.UGU-ACG.0,TWOWAY.5VPO.4-6.CCGCCC-GUAACAAG.0,HELIX,TWOWAY,QA.A923,QA.C1399,7,sugar,phos
HELIX.5VPO.4.AGCU-AGUU,NWAY.5VPO.5-3-6.CGAGCUA-UAGGA-UAACCGAG,HELIX.5VPO.4.AGCU-AGUU.0,NWAY.5VPO.5-3-6.CGAGCUA-UAGGA-UAACCGAG.0,HELIX,NWAY,RA.A2071,RA.A793,5,phos,sugar
HELIX.5VPO.4.CCCG-CGGG,TWOWAY.5VPO.5-8.CCGAAAC-GAGAUAGCUG,HELIX.5VPO.4.CCCG-CGGG.1,TWOWAY.5VPO.5-8.CCGAAAC-GAGAUAGCUG.0,HELIX,TWOWAY,RA.G2444,RA.G674,5,base,sugar
HELIX.5VPO.4.GCCG-CGGC,HELIX.5VPO.8.GCGUGGGU-GCCCGCGU,HELIX.5VPO.4.GCCG-CGGC.0,HELIX.5VPO.8.GCGUGGGU-GCCCGCGU.0,HELIX,HELIX,QA.C123,QA.C290,5,sugar,base
HELIX.5VPO.4.GCCG-CGGC,TWOWAY.5VPO.6-4.UGAAAGAC-GGGGAG,HELIX.5VPO.4.GCCG-CGGC.0,TWOWAY.5VPO.6-4.UGAAAGAC-GGGGAG.0,HELIX,TWOWAY,QA.A607,QA.G309,5,sugar,base
HELIX.5VPO.4.GCCU-AGGU,HELIX.5VPO.6.CCCUGG-CCAGGG,HELIX.5VPO.4.GCCU-AGGU.0,HELIX.5VPO.6.CCCUGG-CCAGGG.0,HELIX,HELIX,RA.A347,RA.G109,5,sugar,sugar
HELIX.5VPO.4.GGGC-GCCU,NWAY.5VPO.6-1-1-3-2.CGGACGGG-CAG-CAC-GGCAG-CAAG,HELIX.5VPO.4.GGGC-GCCU.0,NWAY.5VPO.6-1-1-3-2.CGGACGGG-CAG-CAC-GGCAG-CAAG.0,HELIX,NWAY,QA.G107,QA.G378,3,sugar,sugar
HELIX.5VPO.4.GGGG-CCUC,HELIX.5VPO.2.GG-CC,HELIX.5VPO.2.GG-CC.6,HELIX.5VPO.4.GGGG-CCUC.0,HELIX,HELIX,RA.C1498,RA.U1576,3,sugar,sugar
HELIX.5VPO.4.GGGU-ACCC,HELIX.5VPO.4.GUCU-GGAU,HELIX.5VPO.4.GGGU-ACCC.0,HELIX.5VPO.4.GUCU-GGAU.0,HELIX,HELIX,QA.A303,QA.C555,6,sugar,sugar
HELIX.5VPO.4.GUCC-GGGC,HELIX.5VPO.2.GG-CC,HELIX.5VPO.2.GG-CC.11,HELIX.5VPO.4.GUCC-GGGC.0,HELIX,HELIX,RA.G629,RA.G638,6,sugar,base
HELIX.5VPO.4.GUCC-GGGC,TWOWAY.5VPO.2-2.CGAG-CGAG,HELIX.5VPO.4.GUCC-GGGC.0,TWOWAY.5VPO.2-2.CGAG-CGAG.0,HELIX,TWOWAY,RA.G2351,RA.G648,2,sugar,phos
HELIX.5VPO.4.GUCU-GGAU,TWOWAY.5VPO.6-4.UGAAAGAC-GGGGAG,HELIX.5VPO.4.GUCU-GGAU.0,TWOWAY.5VPO.6-4.UGAAAGAC-GGGGAG.0,HELIX,TWOWAY,QA.G610,QA.U294,3,phos,base
HELIX.5VPO.4.UGGU-GCCA,HELIX.5VPO.8.CCCUCGCC-GGCGAGGG,HELIX.5VPO.4.UGGU-GCCA.0,HELIX.5VPO.8.CCCUCGCC-GGCGAGGG.0,HELIX,HELIX,RA.C1999,RA.C2723,9,phos,sugar
HELIX.5VPO.5.AACGC-GCGUU,NWAY.5VPO.9-2-5.UAGGAAUCUUC-GAGC-GCCUAAG,HELIX.5VPO.5.AACGC-GCGUU.0,NWAY.5VPO.9-2-5.UAGGAAUCUUC-GAGC-GCCUAAG.0,HELIX,NWAY,QA.A33,QA.A363,4,sugar,base
HELIX.5VPO.5.ACUGC-GCAGU,SSTRAND.5VPO.6.GAUAAA,HELIX.5VPO.5.ACUGC-GCAGU.0,SSTRAND.5VPO.6.GAUAAA.0,HELIX,SSTRAND,RA.A2077,RA.A2434,4,sugar,sugar
HELIX.5VPO.5.CCAGC-GCUGG,HELIX.5VPO.2.GU-GC,HELIX.5VPO.2.GU-GC.0,HELIX.5VPO.5.CCAGC-GCUGG.0,HELIX,HELIX,RA.C2692,RA.C2870,8,phos,sugar
HELIX.5VPO.5.CCAGC-GCUGG,TWOWAY.5VPO.2-3.GGGG-CCGAC,HELIX.5VPO.5.CCAGC-GCUGG.0,TWOWAY.5VPO.2-3.GGGG-CCGAC.0,HELIX,TWOWAY,RA.C2692,RA.C2870,3,phos,sugar
HELIX.5VPO.5.CCAGC-GCUGG,TWOWAY.5VPO.4-3.UGUAAG-UUGAG,HELIX.5VPO.5.CCAGC-GCUGG.0,TWOWAY.5VPO.4-3.UGUAAG-UUGAG.0,HELIX,TWOWAY,RA.C2692,RA.U2847,7,base,sugar
HELIX.5VPO.5.GCCGG-CCGGU,TWOWAY.5VPO.4-7.GAGUAG-CGCAGAUAC,HELIX.5VPO.5.GCCGG-CCGGU.0,TWOWAY.5VPO.4-7.GAGUAG-CGCAGAUAC.0,HELIX,TWOWAY,QA.A702,RA.C1895,3,base,sugar
HELIX.5VPO.5.GCGCC-GGCGU,TWOWAY.5VPO.11-6.0-7-4,HELIX.5VPO.5.GCGCC-GGCGU.0,TWOWAY.5VPO.11-6.0-7-4.CC-AUGGACGAG-CUCCAG,HELIX,TWOWAY,RA.G1455,RA.G2852,2,sugar,sugar
HELIX.5VPO.5.GGGCG-CGCCU,HELIX.5VPO.2.GA-UC,HELIX.5VPO.2.GA-UC.0,HELIX.5VPO.5.GGGCG-CGCCU.0,HELIX,HELIX,RA.A225,RA.C419,3,base,sugar
HELIX.5VPO.5.GGGGC-GCCCC,TWOWAY.5VPO.5-4.CGAAGUC-GCCGAG,HELIX.5VPO.5.GGGGC-GCCCC.0,TWOWAY.5VPO.5-4.CGAAGUC-GCCGAG.0,HELIX,TWOWAY,QA.A1434,QA.C334,9,sugar,sugar
HELIX.5VPO.5.GGGGU-GCCCC,HELIX.5VPO.4.GUGG-CCAC,HELIX.5VPO.4.GUGG-CCAC.0,HELIX.5VPO.5.GGGGU-GCCCC.0,HELIX,HELIX,RA.C1880,RA.C413,8,sugar,sugar
HELIX.5VPO.5.GGGGU-GCCCC,NWAY.5VPO.2-2-2-0.CGUG-GAAG-GGAC-CC,HELIX.5VPO.5.GGGGU-GCCCC.0,NWAY.5VPO.2-2-2-0.CGUG-GAAG-GGAC-CC.0,HELIX,NWAY,RA.C1880,RA.C413,5,sugar,sugar
HELIX.5VPO.5.GGUGU-GCGCU,HELIX.5VPO.9.CCCCGUGGU-GCCAUGGGG,HELIX.5VPO.5.GGUGU-GCGCU.0,HELIX.5VPO.9.CCCCGUGGU-GCCAUGGGG.0,HELIX,HELIX,RA.G2230,RA.G397,4,sugar,base
HELIX.5VPO.5.GUCGG-CCGAC,TWOWAY.5VPO.2-2.GGAG-UGAC,HELIX.5VPO.5.GUCGG-CCGAC.0,TWOWAY.5VPO.2-2.GGAG-UGAC.0,HELIX,TWOWAY,QA.A1418,RA.C1958,13,sugar,sugar
HELIX.5VPO.5.UCCCU-GGGGA,TWOWAY.5VPO.5-6.2--1-3,HELIX.5VPO.5.UCCCU-GGGGA.0,TWOWAY.5VPO.5-6.2--1-3.UUAA-G-CGGAG,HELIX,TWOWAY,RA.A609,RA.C237,17,sugar,sugar
HELIX.5VPO.5.UUCCC-GGGAA,TWOWAY.5VPO.0-1.GC-GAC,HELIX.5VPO.5.UUCCC-GGGAA.0,TWOWAY.5VPO.0-1.GC-GAC.1,HELIX,TWOWAY,RA.A443,RA.C1200,4,sugar,base
HELIX.5VPO.6.CCCUGG-CCAGGG,TWOWAY.5VPO.1-3.UAG-CGAAA,HELIX.5VPO.6.CCCUGG-CCAGGG.0,TWOWAY.5VPO.1-3.UAG-CGAAA.0,HELIX,TWOWAY,RA.A294,RA.C106,11,base,sugar
HELIX.5VPO.6.CCGGGC-GCCCGG,TWOWAY.5VPO.5-6.GGAACUG-CUCAGUAC,HELIX.5VPO.6.CCGGGC-GCCCGG.0,TWOWAY.5VPO.5-6.GGAACUG-CUCAGUAC.0,HELIX,TWOWAY,RA.A190,RA.C679,11,sugar,sugar
HELIX.5VPO.6.GCCGGC-GCCGGC,NWAY.5VPO.2-15-4.CUCG-CGAUAGCGCACCAGUAC-GGAAAG,HELIX.5VPO.6.GCCGGC-GCCGGC.0,NWAY.5VPO.2-15-4.CUCG-CGAUAGCGCACCAGUAC-GGAAAG.0,HELIX,NWAY,RA.C584,RA.U448,4,sugar,sugar
HELIX.5VPO.6.GCCUCC-GGAGGC,NWAY.5VPO.1-3-0-0-7-5.GCC-CGCAA-GG-GC-UAGUGAACC-GAUCAAC,HELIX.5VPO.6.GCCUCC-GGAGGC.0,NWAY.5VPO.1-3-0-0-7-5.GCC-CGCAA-GG-GC-UAGUGAACC-GAUCAAC.0,HELIX,NWAY,RA.A2388,RA.C2260,9,sugar,sugar
HELIX.5VPO.6.GCCUCC-GGAGGC,TWOWAY.5VPO.3-2.GCACU-AAAC,HELIX.5VPO.6.GCCUCC-GGAGGC.0,TWOWAY.5VPO.3-2.GCACU-AAAC.0,HELIX,TWOWAY,RA.A910,RA.C2264,8,sugar,sugar
HELIX.5VPO.6.GCGCGC-GCGCGC,TWOWAY.5VPO.3-3.UGUAG-UGAGG,HELIX.5VPO.6.GCGCGC-GCGCGC.0,TWOWAY.5VPO.3-3.UGUAG-UGAGG.0,HELIX,TWOWAY,QA.C822,QA.U757,6,phos,sugar
HELIX.5VPO.6.GGGGAG-CUCCCC,HELIX.5VPO.7.CUCAGGC-GCCUGGG,HELIX.5VPO.6.GGGGAG-CUCCCC.0,HELIX.5VPO.7.CUCAGGC-GCCUGGG.0,HELIX,HELIX,RA.C817,RA.U839,8,sugar,phos
HELIX.5VPO.6.GGGGAG-CUCCCC,TWOWAY.5VPO.0-1.CC-GAG,HELIX.5VPO.6.GGGGAG-CUCCCC.0,TWOWAY.5VPO.0-1.CC-GAG.0,HELIX,TWOWAY,RA.G1191,RA.G940,4,base,sugar
HELIX.5VPO.6.GGGGCU-GGUCCC,TWOWAY.5VPO.4-4.GAUAAC-GGAAGC,HELIX.5VPO.6.GGGGCU-GGUCCC.0,TWOWAY.5VPO.4-4.GAUAAC-GGAAGC.0,HELIX,TWOWAY,RA.A2741,RA.C2539,13,sugar,sugar
HELIX.5VPO.6.UGUCCC-GGGGCA,NWAY.5VPO.4-1-2.CGUAAG-CGG-UCAG,HELIX.5VPO.6.UGUCCC-GGGGCA.0,NWAY.5VPO.4-1-2.CGUAAG-CGG-UCAG.0,HELIX,NWAY,RA.C2699,RA.U1639,2,sugar,sugar
HELIX.5VPO.7.AUCGCGG-CCGCGGU,HELIX.5VPO.3.GCG-CGC,HELIX.5VPO.3.GCG-CGC.0,HELIX.5VPO.7.AUCGCGG-CCGCGGU.0,HELIX,HELIX,QA.G1253,QA.G1355,4,base,sugar
HELIX.5VPO.7.AUCGCGG-CCGCGGU,SSTRAND.5VPO.10.AAGAACCUUA,HELIX.5VPO.7.AUCGCGG-CCGCGGU.0,SSTRAND.5VPO.10.AAGAACCUUA.0,HELIX,SSTRAND,QA.A975,QA.C1366,2,base,sugar
HELIX.5VPO.7.AUCGCGG-CCGCGGU,TWOWAY.5VPO.5-5.UACAAAG-CAAAAAG,HELIX.5VPO.7.AUCGCGG-CCGCGGU.0,TWOWAY.5VPO.5-5.UACAAAG-CAAAAAG.0,HELIX,TWOWAY,QA.A1250,QA.C1354,24,base,sugar
HELIX.5VPO.7.CGGGCCU-GGGCCCG,NWAY.5VPO.7-5-9.CGUCGUCAG-CGCAACC-GACGACGUCUG,HELIX.5VPO.7.CGGGCCU-GGGCCCG.0,NWAY.5VPO.7-5-9.CGUCGUCAG-CGCAACC-GACGACGUCUG.0,HELIX,NWAY,QA.G1064,QA.G1385,2,phos,sugar
HELIX.5VPO.7.CUCAGGC-GCCUGGG,NWAY.5VPO.0-4-4-0-2-5-3.GG-CGGUAG-CGAAAU-AG-UGAG-CGAG-CGC-GAGAC,HELIX.5VPO.7.CUCAGGC-GCCUGGG.0,NWAY.5VPO.0-4-4-0-2-5-3.GG-CGGUAG-CGAAAU-AG-UGAG-CGAG-CGC-GAGAC.0,HELIX,NWAY,RA.C817,RA.U839,3,sugar,phos
HELIX.5VPO.7.CUCUUCC-GGAAGGG,HELIX.5VPO.3.CCU-GGG,HELIX.5VPO.3.CCU-GGG.0,HELIX.5VPO.7.CUCUUCC-GGAAGGG.0,HELIX,HELIX,RA.G2543,RA.U2647,2,base,phos
HELIX.5VPO.7.CUCUUCC-GGAAGGG,NWAY.5VPO.2-1-5.CAUC-GUU-AUUAAAG,HELIX.5VPO.7.CUCUUCC-GGAAGGG.0,NWAY.5VPO.2-1-5.CAUC-GUU-AUUAAAG.0,HELIX,NWAY,RA.A2564,RA.C2646,3,base,base
HELIX.5VPO.7.CUCUUCC-GGAAGGG,TWOWAY.5VPO.0-2.UG-CAAG,HELIX.5VPO.7.CUCUUCC-GGAAGGG.0,TWOWAY.5VPO.0-2.UG-CAAG.0,HELIX,TWOWAY,RA.G2543,RA.U2647,2,base,phos
HELIX.5VPO.7.GCUCUCU-AGGGAGC,TWOWAY.5VPO.0-2.UG-UGAA,HELIX.5VPO.7.GCUCUCU-AGGGAGC.0,TWOWAY.5VPO.0-2.UG-UGAA.0,HELIX,TWOWAY,RA.A1900,RA.C1793,4,sugar,base
HELIX.5VPO.7.GGAGGCU-GGCCUCC,NWAY.5VPO.1-4-3.CAC-G-GUAAG-C-GAGG,HELIX.5VPO.7.GGAGGCU-GGCCUCC.0,NWAY.5VPO.1-4-3.CAC-G-GUAAG-C-GAGG.0,HELIX,NWAY,RA.A2632,RA.G2811,12,sugar,sugar
HELIX.5VPO.7.GGCCUGG-CCAGGCC,SSTRAND.5VPO.6.UUAAUU,HELIX.5VPO.7.GGCCUGG-CCAGGCC.0,SSTRAND.5VPO.6.UUAAUU.0,HELIX,SSTRAND,QA.A958,QA.C985,6,base,sugar
HELIX.5VPO.8.CCCCCGCC-GGUGGGGG,TWOWAY.5VPO.11-2.CUGCGUAGGAUAG-CCUG,HELIX.5VPO.8.CCCCCGCC-GGUGGGGG.0,TWOWAY.5VPO.11-2.CUGCGUAGGAUAG-CCUG.0,HELIX,TWOWAY,RA.G2149,RA.U2109,2,phos,sugar
HELIX.5VPO.8.CCCGUGGC-GCCACGGG,SSTRAND.5VPO.5.ACAAG,HELIX.5VPO.8.CCCGUGGC-GCCACGGG.0,SSTRAND.5VPO.5.ACAAG.0,HELIX,SSTRAND,RA.A526,RA.C2043,5,sugar,base
HELIX.5VPO.8.CCCGUGGC-GCCACGGG,SSTRAND.5VPO.5.GGUAA,HELIX.5VPO.8.CCCGUGGC-GCCACGGG.0,SSTRAND.5VPO.5.GGUAA.0,HELIX,SSTRAND,RA.A14,RA.C2044,2,base,sugar
HELIX.5VPO.8.CCCGUGGC-GCCACGGG,TWOWAY.5VPO.4-1.GAGAAC-GAC,HELIX.5VPO.8.CCCGUGGC-GCCACGGG.0,TWOWAY.5VPO.4-1.GAGAAC-GAC.0,HELIX,TWOWAY,RA.A1654,RA.G2048,4,base,sugar
HELIX.5VPO.8.CCCUCGCC-GGCGAGGG,TWOWAY.5VPO.2-5.0-0-1,HELIX.5VPO.8.CCCUCGCC-GGCGAGGG.0,TWOWAY.5VPO.2-5.0-0-1.CU-AU-AAG,HELIX,TWOWAY,RA.A2713,RA.G1661,4,sugar,base
HELIX.5VPO.8.CCCUCGCC-GGCGAGGG,TWOWAY.5VPO.3-3.UUUCC-GGUAG,HELIX.5VPO.8.CCCUCGCC-GGCGAGGG.0,TWOWAY.5VPO.3-3.UUUCC-GGUAG.0,HELIX,TWOWAY,RA.C1662,RA.U2687,9,sugar,phos
HELIX.5VPO.8.GCGUGGGU-GCCCGCGU,HELIX.5VPO.8.UCCCAUGU-GCGUGGGA,HELIX.5VPO.8.GCGUGGGU-GCCCGCGU.0,HELIX.5VPO.8.UCCCAUGU-GCGUGGGA.0,HELIX,HELIX,QA.G126,QA.G604,6,sugar,base
HELIX.5VPO.8.GCGUGGGU-GCCCGCGU,TWOWAY.5VPO.6-4.UGAAAGAC-GGGGAG,HELIX.5VPO.8.GCGUGGGU-GCCCGCGU.0,TWOWAY.5VPO.6-4.UGAAAGAC-GGGGAG.0,HELIX,TWOWAY,QA.G126,QA.G633,3,phos,base
HELIX.5VPO.9.AGCCCUGGC-GCUGGGGCU,HELIX.5VPO.2.CC-GG,HELIX.5VPO.2.CC-GG.1,HELIX.5VPO.9.AGCCCUGGC-GCUGGGGCU.0,HELIX,HELIX,RA.G1380,RA.G695,2,phos,sugar
HELIX.5VPO.9.AGCCCUGGC-GCUGGGGCU,TWOWAY.5VPO.3-3.CUAAG-CGAAG,HELIX.5VPO.9.AGCCCUGGC-GCUGGGGCU.0,TWOWAY.5VPO.3-3.CUAAG-CGAAG.0,HELIX,TWOWAY,RA.A1354,RA.C692,12,sugar,sugar
HELIX.5VPO.9.AGCUGUACC-GGUGCGGCU,SSTRAND.5VPO.2.GU,HELIX.5VPO.9.AGCUGUACC-GGUGCGGCU.0,SSTRAND.5VPO.2.GU.0,HELIX,SSTRAND,QA.G1508,QA.U1506,2,sugar,phos
HELIX.5VPO.9.AGCUGUACC-GGUGCGGCU,TWOWAY.5VPO.3-3.CAAAC-GGUAG,HELIX.5VPO.9.AGCUGUACC-GGUGCGGCU.0,TWOWAY.5VPO.3-3.CAAAC-GGUAG.0,HELIX,TWOWAY,QA.A780,QA.G1523,4,sugar,sugar
HELIX.5VPO.9.AGCUGUACC-GGUGCGGCU,TWOWAY.5VPO.4-6.CCGCCC-GUAACAAG,HELIX.5VPO.9.AGCUGUACC-GGUGCGGCU.0,TWOWAY.5VPO.4-6.CCGCCC-GUAACAAG.0,HELIX,TWOWAY,QA.A1507,QA.G1504,2,phos,sugar
HELIX.5VPO.9.CCCCGUGGU-GCCAUGGGG,TWOWAY.5VPO.1-1.CUG-UUG,HELIX.5VPO.9.CCCCGUGGU-GCCAUGGGG.0,TWOWAY.5VPO.1-1.CUG-UUG.0,HELIX,TWOWAY,RA.C378,RA.U2232,2,sugar,sugar
HELIX.6TB3.10.CAGUUUUGGU-GCUGGGACUG,HELIX.6TB3.7.GUAGAGU-ACUCUAC,HELIX.6TB3.10.CAGUUUUGGU-GCUGGGACUG.0,HELIX.6TB3.7.GUAGAGU-ACUCUAC.0,HELIX,HELIX,BQ.A1165,BQ.C586,3,sugar,sugar
HELIX.6TB3.3.ACG-UGU,TWOWAY.6TB3.4-6.CCGCCC-GUAACAAG,HELIX.6TB3.3.ACG-UGU.0,TWOWAY.6TB3.4-6.CCGCCC-GUAACAAG.0,HELIX,TWOWAY,2.A1765,2.C1148,9,sugar,base
HELIX.6TB3.3.AGC-GCU,TWOWAY.6TB3.4-4.UGAGGC-GACAAA,HELIX.6TB3.3.AGC-GCU.1,TWOWAY.6TB3.4-4.UGAGGC-GACAAA.0,HELIX,TWOWAY,2.G1672,2.G392,5,sugar,base
HELIX.6TB3.3.AUU-GAU,HELIX.6TB3.5.GCGGC-GCCGC,HELIX.6TB3.3.AUU-GAU.0,HELIX.6TB3.5.GCGGC-GCCGC.0,HELIX,HELIX,BQ.A3372,BQ.C3060,9,phos,sugar
HELIX.6TB3.3.AUU-GAU,TWOWAY.6TB3.4-3.UUUUUG-CGAAG,HELIX.6TB3.3.AUU-GAU.0,TWOWAY.6TB3.4-3.UUUUUG-CGAAG.0,HELIX,TWOWAY,BQ.G3059,BQ.U3331,5,base,sugar
HELIX.6TB3.3.CAU-GUG,HELIX.6TB3.7.GGGGGGC-GCCCCCU,HELIX.6TB3.3.CAU-GUG.0,HELIX.6TB3.7.GGGGGGC-GCCCCCU.0,HELIX,HELIX,BQ.A2743,BQ.G2659,11,base,sugar
HELIX.6TB3.3.CGA-UUG,HELIX.6TB3.2.AU-GU,HELIX.6TB3.2.AU-GU.0,HELIX.6TB3.3.CGA-UUG.1,HELIX,HELIX,BQ.G712,BQ.G754,8,base,sugar
HELIX.6TB3.3.CGA-UUG,NWAY.6TB3.2-3-7-1-4.CGAG-CGUAA-UGAACGUAG-CGA-UAAGAG,HELIX.6TB3.3.CGA-UUG.1,NWAY.6TB3.2-3-7-1-4.CGAG-CGUAA-UGAACGUAG-CGA-UAAGAG.0,HELIX,NWAY,BQ.G754,BQ.U713,2,sugar,phos
HELIX.6TB3.3.CGG-CCG,TWOWAY.6TB3.3-3.UUAAG-CUAUA,HELIX.6TB3.3.CGG-CCG.1,TWOWAY.6TB3.3-3.UUAAG-CUAUA.0,HELIX,TWOWAY,BQ.A1170,BQ.C1156,11,base,sugar
HELIX.6TB3.3.GCA-UGC,TWOWAY.6TB3.4-2.CCAAUC-GGAG,HELIX.6TB3.3.GCA-UGC.0,TWOWAY.6TB3.4-2.CCAAUC-GGAG.0,HELIX,TWOWAY,2.G426,2.G459,2,base,sugar
HELIX.6TB3.3.GCC-GGC,HELIX.6TB3.5.CCAAG-CUUGG,HELIX.6TB3.3.GCC-GGC.0,HELIX.6TB3.5.CCAAG-CUUGG.0,HELIX,HELIX,BQ.G1310,BQ.U2380,4,base,sugar
HELIX.6TB3.3.GCC-GGU,HELIX.6TB3.3.GUU-AAU,HELIX.6TB3.3.GCC-GGU.0,HELIX.6TB3.3.GUU-AAU.0,HELIX,HELIX,2.A967,2.G1102,9,sugar,base
HELIX.6TB3.3.GCC-GGU,NWAY.6TB3.4-0-5.AGAAAU-UC-GUUAAAA,HELIX.6TB3.3.GCC-GGU.0,NWAY.6TB3.4-0-5.AGAAAU-UC-GUUAAAA.0,HELIX,NWAY,2.A622,2.G1032,2,sugar,phos
HELIX.6TB3.3.GCC-GGU,TWOWAY.6TB3.3-3.CGUAG-UCAAG,HELIX.6TB3.3.GCC-GGU.0,TWOWAY.6TB3.3-3.CGUAG-UCAAG.0,HELIX,TWOWAY,2.G631,2.U1103,6,base,sugar
HELIX.6TB3.3.GGA-UCC,HAIRPIN.6TB3.4.AGAAAU,HAIRPIN.6TB3.4.AGAAAU.0,HELIX.6TB3.3.GGA-UCC.0,HELIX,HAIRPIN,2.A1086,2.G1141,4,base,sugar
HELIX.6TB3.3.GGA-UCC,NWAY.6TB3.4-0-5.AGAAAU-UC-GUUAAAA,HELIX.6TB3.3.GGA-UCC.0,NWAY.6TB3.4-0-5.AGAAAU-UC-GUUAAAA.0,HELIX,NWAY,2.A1086,2.G1141,11,base,sugar
HELIX.6TB3.3.GGG-CUU,SSTRAND.6TB3.3.AAA,HELIX.6TB3.3.GGG-CUU.0,SSTRAND.6TB3.3.AAA.0,HELIX,SSTRAND,2.A1138,2.G1109,3,sugar,base
HELIX.6TB3.3.GUG-CGC,HELIX.6TB3.6.CUAUGC-GCAUAG,HELIX.6TB3.3.GUG-CGC.0,HELIX.6TB3.6.CUAUGC-GCAUAG.0,HELIX,HELIX,BQ.G674,BQ.U679,4,base,sugar
HELIX.6TB3.4.AGCU-AGUU,NWAY.6TB3.5-3-6.UGAACUA-UAGGG-UAAUCGAA,HELIX.6TB3.4.AGCU-AGUU.0,NWAY.6TB3.5-3-6.UGAACUA-UAGGG-UAAUCGAA.0,HELIX,NWAY,BQ.A2413,BQ.A925,5,phos,sugar
HELIX.6TB3.4.AGGU-GCCU,HELIX.6TB3.5.UGUCU-AGGCA,HELIX.6TB3.4.AGGU-GCCU.0,HELIX.6TB3.5.UGUCU-AGGCA.0,HELIX,HELIX,BQ.C1870,BQ.C3076,8,phos,sugar
HELIX.6TB3.4.CCAG-CUGG,HAIRPIN.6TB3.19.GGCAAGUCUGGUGCCAGCAGC,HAIRPIN.6TB3.19.GGCAAGUCUGGUGCCAGCAGC.0,HELIX.6TB3.4.CCAG-CUGG.0,HELIX,HAIRPIN,2.A19,2.C572,5,sugar,sugar
HELIX.6TB3.4.CCAG-CUGG,HELIX.6TB3.2.GG-CC,HELIX.6TB3.2.GG-CC.1,HELIX.6TB3.4.CCAG-CUGG.0,HELIX,HELIX,2.A19,2.C572,2,sugar,sugar
HELIX.6TB3.4.CCAG-CUGG,NWAY.6TB3.8-4-1.AGGGCAAGUC-CAGCCG-GCU,HELIX.6TB3.4.CCAG-CUGG.0,NWAY.6TB3.8-4-1.AGGGCAAGUC-CAGCCG-GCU.0,HELIX,NWAY,2.A19,2.C572,5,sugar,sugar
HELIX.6TB3.4.CCGU-ACGG,NWAY.6TB3.2-8-4-2-2.GCGU-AGUGCAGAUC-GGAGUC-GGAC-GUUC,HELIX.6TB3.4.CCGU-ACGG.0,NWAY.6TB3.2-8-4-2-2.GCGU-AGUGCAGAUC-GGAGUC-GGAC-GUUC.0,HELIX,NWAY,BQ.A1435,BQ.G651,3,sugar,phos
HELIX.6TB3.4.CCUG-CAGG,TWOWAY.6TB3.5-8.CCGAAAG-CUAGUAGCUG,HELIX.6TB3.4.CCUG-CAGG.0,TWOWAY.6TB3.5-8.CCGAAAG-CUAGUAGCUG.0,HELIX,TWOWAY,BQ.A2813,BQ.C938,6,base,sugar
HELIX.6TB3.4.GAAU-GUUC,HELIX.6TB3.4.UAGU-AUUA,HELIX.6TB3.4.GAAU-GUUC.0,HELIX.6TB3.4.UAGU-AUUA.0,HELIX,HELIX,2.A367,2.G23,8,base,sugar
HELIX.6TB3.4.GAAU-GUUC,TWOWAY.6TB3.7-6.GAAAAAAUU-AUAUUAGC,HELIX.6TB3.4.GAAU-GUUC.0,TWOWAY.6TB3.7-6.GAAAAAAUU-AUAUUAGC.0,HELIX,TWOWAY,2.G365,2.U758,2,sugar,sugar
HELIX.6TB3.4.GACU-AGUU,HELIX.6TB3.5.UGUCU-AGGCA,HELIX.6TB3.4.GACU-AGUU.0,HELIX.6TB3.5.UGUCU-AGGCA.0,HELIX,HELIX,BQ.A1477,BQ.G3075,2,phos,sugar
HELIX.6TB3.4.GGCA-UGCC,TWOWAY.6TB3.3-3.GUUUG-CAUAC,HELIX.6TB3.4.GGCA-UGCC.1,TWOWAY.6TB3.3-3.GUUUG-CAUAC.0,HELIX,TWOWAY,BQ.C81,BQ.U683,6,base,sugar
HELIX.6TB3.4.GGUC-GGCU,SSTRAND.6TB3.6.CAUAAA,HELIX.6TB3.4.GGUC-GGCU.0,SSTRAND.6TB3.6.CAUAAA.0,HELIX,SSTRAND,2.A1023,2.G1126,2,phos,base
HELIX.6TB3.4.UCGC-GCGA,TWOWAY.6TB3.4-1.UCUAAG-CUG,HELIX.6TB3.4.UCGC-GCGA.0,TWOWAY.6TB3.4-1.UCUAAG-CUG.0,HELIX,TWOWAY,2.A62,2.C268,5,sugar,base
HELIX.6TB3.4.UGGU-GCUA,HELIX.6TB3.7.GUAGAUA-UAUCUAC,HELIX.6TB3.4.UGGU-GCUA.0,HELIX.6TB3.7.GUAGAUA-UAUCUAC.0,HELIX,HELIX,BQ.A1895,BQ.G3053,9,sugar,sugar
HELIX.6TB3.4.UGGU-GCUA,TWOWAY.6TB3.1-1.AAG-CCU,HELIX.6TB3.4.UGGU-GCUA.0,TWOWAY.6TB3.1-1.AAG-CCU.0,HELIX,TWOWAY,BQ.A1895,BQ.G3053,2,sugar,sugar
HELIX.6TB3.5.AAAUC-GAUUU,HELIX.6TB3.8.GUUACCGC-GCGGUGAU,HELIX.6TB3.5.AAAUC-GAUUU.0,HELIX.6TB3.8.GUUACCGC-GCGGUGAU.0,HELIX,HELIX,BQ.A3150,BQ.A3294,2,sugar,sugar
HELIX.6TB3.5.AUCAG-CUGAU,TWOWAY.6TB3.5-2.AAUAAUG-CUAU,HELIX.6TB3.5.AUCAG-CUGAU.0,TWOWAY.6TB3.5-2.AAUAAUG-CUAU.0,HELIX,TWOWAY,BQ.A1886,BQ.A2390,3,base,sugar
HELIX.6TB3.5.GCGGC-GCCGC,TWOWAY.6TB3.4-3.UGUAAG-CUGAG,HELIX.6TB3.5.GCGGC-GCCGC.0,TWOWAY.6TB3.4-3.UGUAAG-CUGAG.0,HELIX,TWOWAY,BQ.C3060,BQ.U3332,8,base,sugar
HELIX.6TB3.5.GGAGU-AUUCC,TWOWAY.6TB3.2-3.ACCA-UCCCU,HELIX.6TB3.5.GGAGU-AUUCC.0,TWOWAY.6TB3.2-3.ACCA-UCCCU.0,HELIX,TWOWAY,2.C1159,2.C1580,2,sugar,phos
HELIX.6TB3.5.GGGUG-CAUCU,HELIX.6TB3.2.CC-GG,HELIX.6TB3.2.CC-GG.10,HELIX.6TB3.5.GGGUG-CAUCU.0,HELIX,HELIX,BQ.C315,BQ.C68,4,base,sugar
HELIX.6TB3.5.GUCAU-GUGAC,TWOWAY.6TB3.5-4.CGAUUGA-UUAGAG,HELIX.6TB3.5.GUCAU-GUGAC.0,TWOWAY.6TB3.5-4.CGAUUGA-UUAGAG.0,HELIX,TWOWAY,2.A1655,BQ.A2291,9,base,sugar
HELIX.6TB3.5.UCCGG-CCGGA,NWAY.6TB3.0-4-5-0.GG-CUUAAC-GGAAGAG-UC,HELIX.6TB3.5.UCCGG-CCGGA.0,NWAY.6TB3.0-4-5-0.GG-CUUAAC-GGAAGAG-UC.0,HELIX,NWAY,BQ.A1612,BQ.A1697,9,sugar,base
HELIX.6TB3.5.UCUGG-CCAGG,SSTRAND.6TB3.11.CUAACCUUGAG,HELIX.6TB3.5.UCUGG-CCAGG.0,SSTRAND.6TB3.11.CUAACCUUGAG.0,HELIX,SSTRAND,2.A733,2.A737,4,base,base
HELIX.6TB3.5.UGAAC-GUUCA,NWAY.6TB3.5-6-5.UAUCAUA-UAAGCGUU-ACUAAUA,HELIX.6TB3.5.UGAAC-GUUCA.0,NWAY.6TB3.5-6-5.UAUCAUA-UAAGCGUU-ACUAAUA.0,HELIX,NWAY,BQ.A2933,BQ.G3015,3,phos,sugar
HELIX.6TB3.5.UUGGA-UCCAA,HELIX.6TB3.6.AUAUGC-GCGUAU,HELIX.6TB3.5.UUGGA-UCCAA.0,HELIX.6TB3.6.AUAUGC-GCGUAU.0,HELIX,HELIX,2.G30,2.U547,5,base,sugar
HELIX.6TB3.5.UUUUG-CAGAA,HAIRPIN.6TB3.20.GGCACAUCUGUUAAACGAUAAC,HAIRPIN.6TB3.20.GGCACAUCUGUUAAACGAUAAC.0,HELIX.6TB3.5.UUUUG-CAGAA.0,HELIX,HAIRPIN,BQ.A1136,BQ.A2636,6,sugar,base
HELIX.6TB3.6.ACCGAA-UUCGGU,TWOWAY.6TB3.3-3.AUUAU-AGAAU,HELIX.6TB3.6.ACCGAA-UUCGGU.0,TWOWAY.6TB3.3-3.AUUAU-AGAAU.0,HELIX,TWOWAY,BQ.A3106,BQ.C2893,10,sugar,base
HELIX.6TB3.6.AUAUGC-GCGUAU,NWAY.6TB3.10-9-7.UCAAAGA-CGCGCAAAU-U-UA-UA-UAGUGAC-A-AA-G,HELIX.6TB3.6.AUAUGC-GCGUAU.0,NWAY.6TB3.10-9-7.UCAAAGA-CGCGCAAAU-U-UA-UA-UAGUGAC-A-AA-G.0,HELIX,NWAY,2.A28,2.A436,3,phos,sugar
HELIX.6TB3.6.AUCUGU-GCAGAU,NWAY.6TB3.1-3-0-0-7-4.GUC-CAAAA-GG-GC-UAUCGAUCC-GGUGCC,HELIX.6TB3.6.AUCUGU-GCAGAU.0,NWAY.6TB3.1-3-0-0-7-4.GUC-CAAAA-GG-GC-UAUCGAUCC-GGUGCC.0,HELIX,NWAY,BQ.A2649,BQ.A2758,6,sugar,base
HELIX.6TB3.6.AUCUGU-GCAGAU,TWOWAY.6TB3.6-4.3-2--1,HELIX.6TB3.6.AUCUGU-GCAGAU.0,TWOWAY.6TB3.6-4.3-2--1.CGAAU-AAAC-G,HELIX,TWOWAY,BQ.A1047,BQ.C2646,5,base,sugar
HELIX.6TB3.6.CUCCAC-GUGGGG,SSTRAND.6TB3.2.GU,HELIX.6TB3.6.CUCCAC-GUGGGG.0,SSTRAND.6TB3.2.GU.1,HELIX,SSTRAND,BQ.C3161,BQ.U3396,2,phos,sugar
HELIX.6TB3.6.GAUGGU-ACCAUC,TWOWAY.6TB3.6-7.CUGAACUU-AUCAAUAAG,HELIX.6TB3.6.GAUGGU-ACCAUC.0,TWOWAY.6TB3.6-7.CUGAACUU-AUCAAUAAG.0,HELIX,TWOWAY,BQ.A34,BQ.A810,9,sugar,sugar
HELIX.6TB3.6.UUCAAU-AUUGAA,TWOWAY.6TB3.5-8.CGUAGUC-GGGAUCGAAG,HELIX.6TB3.6.UUCAAU-AUUGAA.0,TWOWAY.6TB3.5-8.CGUAGUC-GGGAUCGAAG.0,HELIX,TWOWAY,2.U889,2.U989,2,sugar,phos
HELIX.6TB3.7.AAGGGCA-UGCCCUU,NWAY.6TB3.4-4-4.UCUUAG-CGAGAC-GCAAUA,HELIX.6TB3.7.AAGGGCA-UGCCCUU.0,NWAY.6TB3.4-4-4.UCUUAG-CGAGAC-GCAAUA.0,HELIX,NWAY,2.C1623,2.U1286,2,sugar,sugar
HELIX.6TB3.7.CGCGAGC-GCUUGUG,TWOWAY.6TB3.4-5.UUAUCA-UCUUAUG,HELIX.6TB3.7.CGCGAGC-GCUUGUG.0,TWOWAY.6TB3.4-5.UUAUCA-UCUUAUG.0,HELIX,TWOWAY,BQ.G1666,BQ.U1742,3,sugar,sugar
HELIX.6TB3.7.GAGUUGU-GCAGCUC,HELIX.6TB3.8.GUUUGACA-UGUCAGGU,HELIX.6TB3.7.GAGUUGU-GCAGCUC.0,HELIX.6TB3.8.GUUUGACA-UGUCAGGU.0,HELIX,HELIX,BQ.G290,BQ.U2599,3,base,sugar
HELIX.6TB3.7.GCAUUGC-GCAAUGU,TWOWAY.6TB3.0-2.UG-UAAA,HELIX.6TB3.7.GCAUUGC-GCAAUGU.0,TWOWAY.6TB3.0-2.UG-UAAA.0,HELIX,TWOWAY,BQ.A2152,BQ.A2243,2,sugar,sugar
HELIX.6TB3.7.GGGAAUC-GAUUCCC,TWOWAY.6TB3.4-5.CGUAAC-GGAUAAG,HELIX.6TB3.7.GGGAAUC-GAUUCCC.0,TWOWAY.6TB3.4-5.CGUAAC-GGAUAAG.0,HELIX,TWOWAY,BQ.A1932,BQ.G2124,2,sugar,phos
HELIX.6TB3.7.GUAGAGU-ACUCUAC,NWAY.6TB3.0-8-4.UC-GAGGACUGCG-CAAGGA,HELIX.6TB3.7.GUAGAGU-ACUCUAC.0,NWAY.6TB3.0-8-4.UC-GAGGACUGCG-CAAGGA.0,HELIX,NWAY,BQ.A1337,BQ.A589,4,sugar,sugar
HELIX.6TB3.7.GUAGAUA-UAUCUAC,TWOWAY.6TB3.4-3.UUUUUG-CGAAG,HELIX.6TB3.7.GUAGAUA-UAUCUAC.0,TWOWAY.6TB3.4-3.UUUUUG-CGAAG.0,HELIX,TWOWAY,BQ.U1894,BQ.U3054,6,sugar,phos
HELIX.6TB3.8.AGCGCAAG-CUUGCGUU,TWOWAY.6TB3.6-7.GCCAGCGA-UUGUGAAAC,HELIX.6TB3.8.AGCGCAAG-CUUGCGUU.0,TWOWAY.6TB3.6-7.GCCAGCGA-UUGUGAAAC.0,HELIX,TWOWAY,2.A1483,2.C1591,20,base,sugar
HELIX.6TB3.8.GAGCUUUU-AGAAGCUC,TWOWAY.6TB3.1-1.GUC-GCU,HELIX.6TB3.8.GAGCUUUU-AGAAGCUC.0,TWOWAY.6TB3.1-1.GUC-GCU.0,HELIX,TWOWAY,BQ.A973,BQ.C670,4,sugar,sugar
HELIX.6TB3.8.GCCAGCAU-AUGCUGGC,NWAY.6TB3.4-7-13.UAGAUG-CAUAGCAGG-CGAAUUGCAAUGUCA,HELIX.6TB3.8.GCCAGCAU-AUGCUGGC.0,NWAY.6TB3.4-7-13.UAGAUG-CAUAGCAGG-CGAAUUGCAAUGUCA.0,HELIX,NWAY,BQ.A3273,BQ.A498,5,sugar,base
HELIX.6TB3.8.GUUACCGC-GCGGUGAU,SSTRAND.6TB3.2.GU,HELIX.6TB3.8.GUUACCGC-GCGGUGAU.0,SSTRAND.6TB3.2.GU.1,HELIX,SSTRAND,BQ.G2997,BQ.G3395,2,base,sugar
HELIX.6TB3.8.GUUUGACA-UGUCAGGU,TWOWAY.6TB3.5-5.UCAAAGU-AACCAAG,HELIX.6TB3.8.GUUUGACA-UGUCAGGU.0,TWOWAY.6TB3.5-5.UCAAAGU-AACCAAG.0,HELIX,TWOWAY,BQ.A2213,BQ.A2601,11,sugar,sugar
HELIX.6TB3.8.UCGGGUGG-CCACUCGG,HELIX.6TB3.2.UC-GG,HELIX.6TB3.2.UC-GG.0,HELIX.6TB3.8.UCGGGUGG-CCACUCGG.0,HELIX,HELIX,2.G1046,2.G954,2,base,sugar
HELIX.6TB3.8.UCGGGUGG-CCACUCGG,TWOWAY.6TB3.1-1.GGU-GAC,HELIX.6TB3.8.UCGGGUGG-CCACUCGG.0,TWOWAY.6TB3.1-1.GGU-GAC.0,HELIX,TWOWAY,2.A955,2.G1046,5,sugar,base
HELIX.6TB3.8.UGGAGGUC-GGCCUCUA,TWOWAY.6TB3.1-0.GAC-GU,HELIX.6TB3.8.UGGAGGUC-GGCCUCUA.0,TWOWAY.6TB3.1-0.GAC-GU.0,HELIX,TWOWAY,BQ.A338,BQ.C1426,3,base,sugar
HELIX.6TB3.9.AUGCCUGAA-UUUGGGUAU,HELIX.6TB3.2.CC-GG,HELIX.6TB3.2.CC-GG.6,HELIX.6TB3.9.AUGCCUGAA-UUUGGGUAU.0,HELIX,HELIX,BQ.G1590,BQ.G826,3,phos,sugar
HELIX.6TB3.9.AUGCCUGAA-UUUGGGUAU,TWOWAY.6TB3.3-4.CUAAG-CGAAAG,HELIX.6TB3.9.AUGCCUGAA-UUUGGGUAU.0,TWOWAY.6TB3.3-4.CUAAG-CGAAAG.0,HELIX,TWOWAY,BQ.A1535,BQ.C823,14,base,sugar
HELIX.6TB3.9.UUCCGUAGG-CCUGCGGAA,SSTRAND.6TB3.4.GAAA,HELIX.6TB3.9.UUCCGUAGG-CCUGCGGAA.0,SSTRAND.6TB3.4.GAAA.0,HELIX,SSTRAND,2.A977,2.G1774,10,base,sugar
HELIX.6TB3.9.UUCCGUAGG-CCUGCGGAA,SSTRAND.6TB3.6.CAUAAA,HELIX.6TB3.9.UUCCGUAGG-CCUGCGGAA.0,SSTRAND.6TB3.6.CAUAAA.0,HELIX,SSTRAND,2.A1025,2.C1773,8,sugar,sugar
HELIX.6TB3.9.UUCCGUAGG-CCUGCGGAA,TWOWAY.6TB3.4-6.CCGCCC-GUAACAAG,HELIX.6TB3.9.UUCCGUAGG-CCUGCGGAA.0,TWOWAY.6TB3.4-6.CCGCCC-GUAACAAG.0,HELIX,TWOWAY,2.G1767,2.U1770,2,phos,sugar
HELIX.6TB3.9.UUCCGUAGG-CCUGCGGAA,TWOWAY.6TB3.5-8.CGUAGUC-GGGAUCGAAG,HELIX.6TB3.9.UUCCGUAGG-CCUGCGGAA.0,TWOWAY.6TB3.5-8.CGUAGUC-GGGAUCGAAG.0,HELIX,TWOWAY,2.A1776,2.A992,4,base,sugar
NWAY.3IWN.6-3-3.GCACAGGG-CAAAG-UUACC,TWOWAY.3IWN.0-1.AC-GAU,NWAY.3IWN.6-3-3.GCACAGGG-CAAAG-UUACC.0,TWOWAY.3IWN.0-1.AC-GAU.1,NWAY,TWOWAY,B.C103,B.C188,3,base,base
NWAY.4PLX.3-0-0.UUGGC-G-AA-U,SSTRAND.4PLX.1.C,NWAY.4PLX.3-0-0.UUGGC-G-AA-U.0,SSTRAND.4PLX.1.C.0,NWAY,SSTRAND,B.A65,B.C50,4,base,sugar
NWAY.4PLX.4-1-0.UUGG-G-CC-G-AA-U,SSTRAND.4PLX.1.U,NWAY.4PLX.4-1-0.UUGG-G-CC-G-AA-U.0,SSTRAND.4PLX.1.U.0,NWAY,SSTRAND,C.A64,C.C51,5,sugar,sugar
NWAY.5VPO.0-3-1-0-0.CG-CCAAC-CAG-CG-GG,TWOWAY.5VPO.5-7.GUGCCAG-CGGUAAUAC,NWAY.5VPO.0-3-1-0-0.CG-CCAAC-CAG-CG-GG.0,TWOWAY.5VPO.5-7.GUGCCAG-CGGUAAUAC.0,NWAY,TWOWAY,QA.G505,QA.U534,3,phos,sugar
NWAY.5VPO.0-4-3.CC-GUGGAU-AAUCG,TWOWAY.5VPO.0-1.GG-UCC,NWAY.5VPO.0-4-3.CC-GUGGAU-AAUCG.0,TWOWAY.5VPO.0-1.GG-UCC.0,NWAY,TWOWAY,RA.A2835,RA.C2879,5,base,sugar
NWAY.5VPO.0-4-4-0-2-5-3.GG-CGGUAG-CGAAAU-AG-UGAG-CGAG-CGC-GAGAC,HELIX.5VPO.2.GC-GU,HELIX.5VPO.2.GC-GU.2,NWAY.5VPO.0-4-4-0-2-5-3.GG-CGGUAG-CGAAAU-AG-UGAG-CGAG-CGC-GAGAC.0,NWAY,HELIX,RA.A819,RA.C837,6,sugar,sugar
NWAY.5VPO.0-4-4-0-2-5-3.GG-CGGUAG-CGAAAU-AG-UGAG-CGAG-CGC-GAGAC,HELIX.5VPO.3.GCU-AGC,HELIX.5VPO.3.GCU-AGC.0,NWAY.5VPO.0-4-4-0-2-5-3.GG-CGGUAG-CGAAAU-AG-UGAG-CGAG-CGC-GAGAC.0,NWAY,HELIX,RA.A988,RA.G1157,3,sugar,sugar
NWAY.5VPO.0-4-4-0-2-5-3.GG-CGGUAG-CGAAAU-AG-UGAG-CGAG-CGC-GAGAC,TWOWAY.5VPO.0-1.CC-GAG,NWAY.5VPO.0-4-4-0-2-5-3.GG-CGGUAG-CGAAAU-AG-UGAG-CGAG-CGC-GAGAC.0,TWOWAY.5VPO.0-1.CC-GAG.0,NWAY,TWOWAY,RA.A819,RA.C837,10,sugar,sugar
NWAY.5VPO.0-4-4-0-2-5-3.GG-CGGUAG-CGAAAU-AG-UGAG-CGAG-CGC-GAGAC,TWOWAY.5VPO.5-5.1-3-0,NWAY.5VPO.0-4-4-0-2-5-3.GG-CGGUAG-CGAAAU-AG-UGAG-CGAG-CGC-GAGAC.0,TWOWAY.5VPO.5-5.1-3-0.AAG-CGAAG-CU,NWAY,TWOWAY,RA.A988,RA.G1157,10,sugar,sugar
NWAY.5VPO.1-0-4-6.G-AC-GC-GGGAAG-UGACA-ACC,HELIX.5VPO.4.CCGG-CCGG,HELIX.5VPO.4.CCGG-CCGG.1,NWAY.5VPO.1-0-4-6.G-AC-GC-GGGAAG-UGACA-ACC.0,NWAY,HELIX,RA.A1529,RA.C1463,6,sugar,sugar
NWAY.5VPO.1-0-4-6.G-AC-GC-GGGAAG-UGACA-ACC,TWOWAY.5VPO.3-2.0--1-0,NWAY.5VPO.1-0-4-6.G-AC-GC-GGGAAG-UGACA-ACC.0,TWOWAY.5VPO.3-2.0--1-0.GA-G-CC,NWAY,TWOWAY,RA.A1449,RA.G1530,9,sugar,base
NWAY.5VPO.1-3-0-0-7-5.GCC-CGCAA-GG-GC-UAGUGAACC-GAUCAAC,NWAY.5VPO.3-3-1-1.CAAAG-CUGAC-GGG-CGG,NWAY.5VPO.1-3-0-0-7-5.GCC-CGCAA-GG-GC-UAGUGAACC-GAUCAAC.0,NWAY.5VPO.3-3-1-1.CAAAG-CUGAC-GGG-CGG.0,NWAY,NWAY,RA.A2288,RA.G2384,2,base,base
NWAY.5VPO.1-4-0.UCG-CCAUAG-CG,TWOWAY.5VPO.0-1.CG-CAG,NWAY.5VPO.1-4-0.UCG-CCAUAG-CG.0,TWOWAY.5VPO.0-1.CG-CAG.1,NWAY,TWOWAY,RB.A66,RB.C108,3,sugar,base
NWAY.5VPO.1-9-3.GGA-UUUAAAGAGUG-CUCAC,TWOWAY.5VPO.2-2.GUUG-CAUC,NWAY.5VPO.1-9-3.GGA-UUUAAAGAGUG-CUCAC.0,TWOWAY.5VPO.2-2.GUUG-CAUC.0,NWAY,TWOWAY,RA.A1077,RA.A1088,2,base,base
NWAY.5VPO.2-1-5.CAUC-GUU-AUUAAAG,TWOWAY.5VPO.0-2.UG-CAAG,NWAY.5VPO.2-1-5.CAUC-GUU-AUUAAAG.0,TWOWAY.5VPO.0-2.UG-CAAG.0,NWAY,TWOWAY,RA.A2542,RA.C2517,2,sugar,base
NWAY.5VPO.2-15-4.CUCG-CGAUAGCGCACCAGUAC-GGAAAG,NWAY.5VPO.2-8-4-2-2.GCGU-AGUGCGAAUG-CGACUC-GGAC-GUUC,NWAY.5VPO.2-15-4.CUCG-CGAUAGCGCACCAGUAC-GGAAAG.0,NWAY.5VPO.2-8-4-2-2.GCGU-AGUGCGAAUG-CGACUC-GGAC-GUUC.0,NWAY,NWAY,RA.A449,RA.G1248,5,sugar,base
NWAY.5VPO.2-2-4-6-2.CUGG-CUUG-CUGAA-C-GGUAAUA-G-CGAG,TWOWAY.5VPO.1-0.GAC-GU,NWAY.5VPO.2-2-4-6-2.CUGG-CUUG-CUGAA-C-GGUAAUA-G-CGAG.0,TWOWAY.5VPO.1-0.GAC-GU.0,NWAY,TWOWAY,QA.A397,QA.A547,4,base,sugar
NWAY.5VPO.2-5-1.CAAG-CGCAAAC-GUG,HELIX.5VPO.2.GG-CC,HELIX.5VPO.2.GG-CC.3,NWAY.5VPO.2-5-1.CAAG-CGCAAAC-GUG.0,NWAY,HELIX,RA.A1610,RA.C1604,3,sugar,base
NWAY.5VPO.2-5-1.CAAG-CGCAAAC-GUG,NWAY.5VPO.3-6-1-3-2-0-2.GGUUC-GGUUAGGC-GAC-GGCAG-CCCU-AC-GUAC,NWAY.5VPO.2-5-1.CAAG-CGCAAAC-GUG.0,NWAY.5VPO.3-6-1-3-2-0-2.GGUUC-GGUUAGGC-GAC-GGCAG-CCCU-AC-GUAC.0,NWAY,NWAY,RA.A1610,RA.C1604,3,sugar,base
NWAY.5VPO.3-2-1-7-3.CGAAG-CGCC-GAG-GUGAAAGCC-CGUAG,TWOWAY.5VPO.6-3.CGAUGAAG-UGGAG,NWAY.5VPO.3-2-1-7-3.CGAAG-CGCC-GAG-GUGAAAGCC-CGUAG.0,TWOWAY.5VPO.6-3.CGAUGAAG-UGGAG.0,NWAY,TWOWAY,RA.A1210,RA.A331,4,base,phos
NWAY.5VPO.3-3-1-1.CAAAG-CUGAC-GGG-CGG,HELIX.5VPO.2.CC-GG,HELIX.5VPO.2.CC-GG.3,NWAY.5VPO.3-3-1-1.CAAAG-CUGAC-GGG-CGG.0,NWAY,HELIX,RA.A2288,RA.G2384,2,base,base
NWAY.5VPO.3-6-1-3-2-0-2.GGUUC-GGUUAGGC-GAC-GGCAG-CCCU-AC-GUAC,NWAY.5VPO.4-0-5.GGGACG-CC-GAAAAGC,NWAY.5VPO.3-6-1-3-2-0-2.GGUUC-GGUUAGGC-GAC-GGCAG-CCCU-AC-GUAC.0,NWAY.5VPO.4-0-5.GGGACG-CC-GAAAAGC.0,NWAY,NWAY,RA.A1572,RA.C1350,8,sugar,sugar
NWAY.5VPO.3-6-1-3-2-0-2.GGUUC-GGUUAGGC-GAC-GGCAG-CCCU-AC-GUAC,TWOWAY.5VPO.3-2.AGAAG-UGGU,NWAY.5VPO.3-6-1-3-2-0-2.GGUUC-GGUUAGGC-GAC-GGCAG-CCCU-AC-GUAC.0,TWOWAY.5VPO.3-2.AGAAG-UGGU.0,NWAY,TWOWAY,RA.A1471,RA.C1403,2,sugar,sugar
NWAY.5VPO.31-1-2.CUA-A-A-C-G-G-G-UC-G-CUG-UAAG,TWOWAY.5VPO.7-8.-1--1--1-0,NWAY.5VPO.31-1-2.CUA-A-A-C-G-G-G-UC-G-CUG-UAAG.0,TWOWAY.5VPO.7-8.-1--1--1-0.G-G-U-AC,NWAY,TWOWAY,RA.A270^B,RA.C364,7,sugar,base
NWAY.5VPO.4-0-5.GGGACG-CC-GAAAAGC,HELIX.5VPO.2.CC-GG,HELIX.5VPO.2.CC-GG.1,NWAY.5VPO.4-0-5.GGGACG-CC-GAAAAGC.0,NWAY,HELIX,RA.A1572,RA.C1350,13,sugar,sugar
NWAY.5VPO.4-0-5.GGGACG-CC-GAAAAGC,TWOWAY.5VPO.3-3.CUAAG-CGAAG,NWAY.5VPO.4-0-5.GGGACG-CC-GAAAAGC.0,TWOWAY.5VPO.3-3.CUAAG-CGAAG.0,NWAY,TWOWAY,RA.A1378,RA.A1569,8,base,base
NWAY.5VPO.5-12-1.UGGAAUU-AGGAACGCCGAUGG-CAG,TWOWAY.5VPO.3-0.GGGAG-UC,NWAY.5VPO.5-12-1.UGGAAUU-AGGAACGCCGAUGG-CAG.0,TWOWAY.5VPO.3-0.GGGAG-UC.0,NWAY,TWOWAY,QA.A715,QA.C805,4,phos,sugar
NWAY.5VPO.5-12-1.UGGAAUU-AGGAACGCCGAUGG-CAG,TWOWAY.5VPO.3-2.GAGAG-UGGU,NWAY.5VPO.5-12-1.UGGAAUU-AGGAACGCCGAUGG-CAG.0,TWOWAY.5VPO.3-2.GAGAG-UGGU.0,NWAY,TWOWAY,QA.A665,QA.C732,5,sugar,sugar
NWAY.5VPO.5-6-2.CUAGUAA-UGAAUACG-CAAG,TWOWAY.5VPO.3-1.UUCCC-GCA,NWAY.5VPO.5-6-2.CUAGUAA-UGAAUACG-CAAG.0,TWOWAY.5VPO.3-1.UUCCC-GCA.0,NWAY,TWOWAY,QA.A937,QA.C934,6,base,base
NWAY.5VPO.6-1-1-3-2.CGGACGGG-CAG-CAC-GGCAG-CAAG,HELIX.5VPO.3.GCA-UGC,HELIX.5VPO.3.GCA-UGC.0,NWAY.5VPO.6-1-1-3-2.CGGACGGG-CAG-CAC-GGCAG-CAAG.0,NWAY,HELIX,QA.A356,QA.C352,3,base,base
NWAY.5VPO.6-1-1-3-2.CGGACGGG-CAG-CAC-GGCAG-CAAG,TWOWAY.5VPO.0-1.AG-CAU,NWAY.5VPO.6-1-1-3-2.CGGACGGG-CAG-CAC-GGCAG-CAAG.0,TWOWAY.5VPO.0-1.AG-CAU.0,NWAY,TWOWAY,QA.A55,QA.C352,5,phos,base
NWAY.5VPO.6-1-1-3-2.CGGACGGG-CAG-CAC-GGCAG-CAAG,TWOWAY.5VPO.4-2.GCAAUG-UGAC,NWAY.5VPO.6-1-1-3-2.CGGACGGG-CAG-CAC-GGCAG-CAAG.0,TWOWAY.5VPO.4-2.GCAAUG-UGAC.0,NWAY,TWOWAY,QA.A389,QA.G111,4,sugar,sugar
NWAY.5VPO.9-2-5.UAGGAAUCUUC-GAGC-GCCUAAG,TWOWAY.5VPO.1-0.UGA-UA,NWAY.5VPO.9-2-5.UAGGAAUCUUC-GAGC-GCCUAAG.0,TWOWAY.5VPO.1-0.UGA-UA.0,NWAY,TWOWAY,QA.A32,QA.C48,2,sugar,base
NWAY.6TB3.0-1-8-0-0.UG-CAC-GGGAACGGGC-CC-GA,SSTRAND.6TB3.5.GGAAG,NWAY.6TB3.0-1-8-0-0.UG-CAC-GGGAACGGGC-CC-GA.0,SSTRAND.6TB3.5.GGAAG.0,NWAY,SSTRAND,BQ.A422,BQ.C2362,4,base,sugar
NWAY.6TB3.0-4-4.UG-UGUCUG-CGAUAA,HELIX.6TB3.2.GU-AC,HELIX.6TB3.2.GU-AC.0,NWAY.6TB3.0-4-4.UG-UGUCUG-CGAUAA.0,NWAY,HELIX,2.G1292,2.G1304,2,base,base
NWAY.6TB3.0-4-4.UG-UGUCUG-CGAUAA,TWOWAY.6TB3.1-1.UGG-CGA,NWAY.6TB3.0-4-4.UG-UGUCUG-CGAUAA.0,TWOWAY.6TB3.1-1.UGG-CGA.0,NWAY,TWOWAY,2.G1291,2.U1305,4,base,base
NWAY.6TB3.0-4-5-0.GG-CUUAAC-GGAAGAG-UC,NWAY.6TB3.3-6-1-3-2-1-2.GGUUC-GGUUAGUC-AUC-GGAAU-AACC-GGU-GUAC,NWAY.6TB3.0-4-5-0.GG-CUUAAC-GGAAGAG-UC.0,NWAY.6TB3.3-6-1-3-2-1-2.GGUUC-GGUUAGUC-AUC-GGAAU-AACC-GGU-GUAC.0,NWAY,NWAY,BQ.A1612,BQ.A1697,3,sugar,base
NWAY.6TB3.0-7-6.U-AC-GAUACGUAA-UCGAAUC,HAIRPIN.6TB3.8.CAGCGAAAUG,HAIRPIN.6TB3.8.CAGCGAAAUG.0,NWAY.6TB3.0-7-6.U-AC-GAUACGUAA-UCGAAUC.0,NWAY,HAIRPIN,BS.C47,BS.C62,3,sugar,phos
NWAY.6TB3.0-7-6.U-AC-GAUACGUAA-UCGAAUC,TWOWAY.6TB3.8-22.CAGCGAAAUG-GUGAAUUGCAGAAUUCCGUGAAUC,NWAY.6TB3.0-7-6.U-AC-GAUACGUAA-UCGAAUC.0,TWOWAY.6TB3.8-22.CAGCGAAAUG-GUGAAUUGCAGAAUUCCGUGAAUC.0,NWAY,TWOWAY,BS.C47,BS.C62,3,sugar,phos
NWAY.6TB3.1-3-0-0-7-4.GUC-CAAAA-GG-GC-UAUCGAUCC-GGUGCC,NWAY.6TB3.3-3-1-1.CUAAG-UUGAU-ACC-GUG,NWAY.6TB3.1-3-0-0-7-4.GUC-CAAAA-GG-GC-UAUCGAUCC-GGUGCC.0,NWAY.6TB3.3-3-1-1.CUAAG-UUGAU-ACC-GUG.0,NWAY,NWAY,BQ.A2657,BQ.G2754,2,base,base
NWAY.6TB3.1-3-0-0-7-4.GUC-CAAAA-GG-GC-UAUCGAUCC-GGUGCC,SSTRAND.6TB3.4.GAAA,NWAY.6TB3.1-3-0-0-7-4.GUC-CAAAA-GG-GC-UAUCGAUCC-GGUGCC.0,SSTRAND.6TB3.4.GAAA.1,NWAY,SSTRAND,BQ.G2761,BQ.G2800,4,base,base
NWAY.6TB3.1-3-5-2-6.GAG-CACAU-AAGGCAG-CAUG-CGAAUGGC,HELIX.6TB3.3.CCU-AGG,HELIX.6TB3.3.CCU-AGG.0,NWAY.6TB3.1-3-5-2-6.GAG-CACAU-AAGGCAG-CAUG-CGAAUGGC.0,NWAY,HELIX,2.G91,2.U450,2,sugar,sugar
NWAY.6TB3.1-3-5-2-6.GAG-CACAU-AAGGCAG-CAUG-CGAAUGGC,HELIX.6TB3.3.GCA-UGC,HELIX.6TB3.3.GCA-UGC.0,NWAY.6TB3.1-3-5-2-6.GAG-CACAU-AAGGCAG-CAUG-CGAAUGGC.0,NWAY,HELIX,2.A428,2.C424,3,base,base
NWAY.6TB3.1-3-5-2-6.GAG-CACAU-AAGGCAG-CAUG-CGAAUGGC,TWOWAY.6TB3.0-1.AG-CAU,NWAY.6TB3.1-3-5-2-6.GAG-CACAU-AAGGCAG-CAUG-CGAAUGGC.0,TWOWAY.6TB3.0-1.AG-CAU.0,NWAY,TWOWAY,2.A51,2.C424,6,phos,base
NWAY.6TB3.1-3-5-2-6.GAG-CACAU-AAGGCAG-CAUG-CGAAUGGC,TWOWAY.6TB3.4-2.CCAAUC-GGAG,NWAY.6TB3.1-3-5-2-6.GAG-CACAU-AAGGCAG-CAUG-CGAAUGGC.0,TWOWAY.6TB3.4-2.CCAAUC-GGAG.0,NWAY,TWOWAY,2.A460,2.G426,4,sugar,phos
NWAY.6TB3.10-9-7.UCAAAGA-CGCGCAAAU-U-UA-UA-UAGUGAC-A-AA-G,HELIX.6TB3.3.GGC-GCC,HELIX.6TB3.3.GGC-GCC.0,NWAY.6TB3.10-9-7.UCAAAGA-CGCGCAAAU-U-UA-UA-UAGUGAC-A-AA-G.0,NWAY,HELIX,2.A438,2.G429,2,phos,sugar
NWAY.6TB3.10-9-7.UCAAAGA-CGCGCAAAU-U-UA-UA-UAGUGAC-A-AA-G,NWAY.6TB3.7-1-3-0.AUUAAAUC-GCC-GUAAC-GG-C,NWAY.6TB3.10-9-7.UCAAAGA-CGCGCAAAU-U-UA-UA-UAGUGAC-A-AA-G.0,NWAY.6TB3.7-1-3-0.AUUAAAUC-GCC-GUAAC-GG-C.0,NWAY,NWAY,2.A43,2.C99,2,sugar,phos
NWAY.6TB3.10-9-7.UCAAAGA-CGCGCAAAU-U-UA-UA-UAGUGAC-A-AA-G,TWOWAY.6TB3.0-1.AG-CAU,NWAY.6TB3.10-9-7.UCAAAGA-CGCGCAAAU-U-UA-UA-UAGUGAC-A-AA-G.0,TWOWAY.6TB3.0-1.AG-CAU.0,NWAY,TWOWAY,2.A438,2.G429,2,phos,sugar
NWAY.6TB3.15-4-2.CGAUAGCGAACAAGUAC-GGAAAG-CUUG,HAIRPIN.6TB3.24.CGAAAUGCGAUACGUAAUGUGAAUUG,HAIRPIN.6TB3.24.CGAAAUGCGAUACGUAAUGUGAAUUG.0,NWAY.6TB3.15-4-2.CGAUAGCGAACAAGUAC-GGAAAG-CUUG.0,NWAY,HAIRPIN,BQ.A351,BS.A53,2,base,sugar
NWAY.6TB3.15-4-2.CGAUAGCGAACAAGUAC-GGAAAG-CUUG,HAIRPIN.6TB3.8.CAGCGAAAUG,HAIRPIN.6TB3.8.CAGCGAAAUG.0,NWAY.6TB3.15-4-2.CGAUAGCGAACAAGUAC-GGAAAG-CUUG.0,NWAY,HAIRPIN,BQ.A351,BS.A53,2,base,sugar
NWAY.6TB3.15-4-2.CGAUAGCGAACAAGUAC-GGAAAG-CUUG,NWAY.6TB3.2-8-4-2-2.GCGU-AGUGCAGAUC-GGAGUC-GGAC-GUUC,NWAY.6TB3.15-4-2.CGAUAGCGAACAAGUAC-GGAAAG-CUUG.0,NWAY.6TB3.2-8-4-2-2.GCGU-AGUGCAGAUC-GGAGUC-GGAC-GUUC.0,NWAY,NWAY,BQ.A344,BQ.G1429,3,sugar,base
NWAY.6TB3.15-4-2.CGAUAGCGAACAAGUAC-GGAAAG-CUUG,TWOWAY.6TB3.8-22.CAGCGAAAUG-GUGAAUUGCAGAAUUCCGUGAAUC,NWAY.6TB3.15-4-2.CGAUAGCGAACAAGUAC-GGAAAG-CUUG.0,TWOWAY.6TB3.8-22.CAGCGAAAUG-GUGAAUUGCAGAAUUCCGUGAAUC.0,NWAY,TWOWAY,BQ.A351,BS.A53,2,base,sugar
NWAY.6TB3.2-3-7-1-4.CGAG-CGUAA-UGAACGUAG-CGA-UAAGAG,HELIX.6TB3.2.AC-GU,HELIX.6TB3.2.AC-GU.3,NWAY.6TB3.2-3-7-1-4.CGAG-CGUAA-UGAACGUAG-CGA-UAAGAG.0,NWAY,HELIX,BQ.A706,BQ.G781,6,sugar,sugar
NWAY.6TB3.2-3-7-1-4.CGAG-CGUAA-UGAACGUAG-CGA-UAAGAG,TWOWAY.6TB3.0-1.CC-GAG,NWAY.6TB3.2-3-7-1-4.CGAG-CGUAA-UGAACGUAG-CGA-UAAGAG.0,TWOWAY.6TB3.0-1.CC-GAG.0,NWAY,TWOWAY,BQ.A706,BQ.G779,7,sugar,base
NWAY.6TB3.2-4-3-0-4-6-2.UGGG-CGAUGC-GAACG-CC-GAGUAG-CGAAGUUU-AUAG,HELIX.6TB3.2.GU-GC,HELIX.6TB3.2.GU-GC.2,NWAY.6TB3.2-4-3-0-4-6-2.UGGG-CGAUGC-GAACG-CC-GAGUAG-CGAAGUUU-AUAG.0,NWAY,HELIX,BQ.A951,BQ.C969,7,sugar,sugar
NWAY.6TB3.2-4-3-0-4-6-2.UGGG-CGAUGC-GAACG-CC-GAGUAG-CGAAGUUU-AUAG,HELIX.6TB3.7.GUAGAGU-ACUCUAC,HELIX.6TB3.7.GUAGAGU-ACUCUAC.0,NWAY.6TB3.2-4-3-0-4-6-2.UGGG-CGAUGC-GAACG-CC-GAGUAG-CGAAGUUU-AUAG.0,NWAY,HELIX,BQ.A1158,BQ.A1332,3,sugar,sugar
NWAY.6TB3.2-4-3-0-4-6-2.UGGG-CGAUGC-GAACG-CC-GAGUAG-CGAAGUUU-AUAG,TWOWAY.6TB3.1-0.UAG-CA,NWAY.6TB3.2-4-3-0-4-6-2.UGGG-CGAUGC-GAACG-CC-GAGUAG-CGAAGUUU-AUAG.0,TWOWAY.6TB3.1-0.UAG-CA.0,NWAY,TWOWAY,BQ.A1112,BQ.G1370,11,base,sugar
NWAY.6TB3.2-4-3-0-4-6-2.UGGG-CGAUGC-GAACG-CC-GAGUAG-CGAAGUUU-AUAG,TWOWAY.6TB3.3-3.UUAAG-CUAUA,NWAY.6TB3.2-4-3-0-4-6-2.UGGG-CGAUGC-GAACG-CC-GAGUAG-CGAAGUUU-AUAG.0,TWOWAY.6TB3.3-3.UUAAG-CUAUA.0,NWAY,TWOWAY,BQ.A1158,BQ.A1332,10,sugar,sugar
NWAY.6TB3.2-5-1.GAAA-UGAUAAC-GUC,HELIX.6TB3.2.AG-CU,HELIX.6TB3.2.AG-CU.1,NWAY.6TB3.2-5-1.GAAA-UGAUAAC-GUC.0,NWAY,HELIX,BQ.A1842,BQ.C1836,3,sugar,base
NWAY.6TB3.2-5-1.GAAA-UGAUAAC-GUC,NWAY.6TB3.3-6-1-3-2-1-2.GGUUC-GGUUAGUC-AUC-GGAAU-AACC-GGU-GUAC,NWAY.6TB3.2-5-1.GAAA-UGAUAAC-GUC.0,NWAY.6TB3.3-6-1-3-2-1-2.GGUUC-GGUUAGUC-AUC-GGAAU-AACC-GGU-GUAC.0,NWAY,NWAY,BQ.A1842,BQ.C1836,3,sugar,base
NWAY.6TB3.2-5-6.CCAG-CUAGUAA-UGAUUACG,TWOWAY.6TB3.2-3.ACCA-UCCCU,NWAY.6TB3.2-5-6.CCAG-CUAGUAA-UGAUUACG.0,TWOWAY.6TB3.2-3.ACCA-UCCCU.0,NWAY,TWOWAY,2.A1163,2.C1158,7,base,base
NWAY.6TB3.2-7-3.AUCA-UAACUACUG-CAUUU,TWOWAY.6TB3.3-2.CGGGG-CAAG,NWAY.6TB3.2-7-3.AUCA-UAACUACUG-CAUUU.0,TWOWAY.6TB3.3-2.CGGGG-CAAG.0,NWAY,TWOWAY,2.G875,2.G936,4,sugar,sugar
NWAY.6TB3.2-8-4-2-2.GCGU-AGUGCAGAUC-GGAGUC-GGAC-GUUC,HELIX.6TB3.2.CC-GG,HELIX.6TB3.2.CC-GG.11,NWAY.6TB3.2-8-4-2-2.GCGU-AGUGCAGAUC-GGAGUC-GGAC-GUUC.0,NWAY,HELIX,BQ.A660,BQ.C803,3,sugar,sugar
NWAY.6TB3.2-8-4-2-2.GCGU-AGUGCAGAUC-GGAGUC-GGAC-GUUC,TWOWAY.6TB3.5-8.CCGAAAG-CUAGUAGCUG,NWAY.6TB3.2-8-4-2-2.GCGU-AGUGCAGAUC-GGAGUC-GGAC-GUUC.0,TWOWAY.6TB3.5-8.CCGAAAG-CUAGUAGCUG.0,NWAY,TWOWAY,BQ.A660,BQ.C803,4,sugar,sugar
NWAY.6TB3.3-0-4.AGACG-CC-GAAAAU,HELIX.6TB3.2.CC-GG,HELIX.6TB3.2.CC-GG.6,NWAY.6TB3.3-0-4.AGACG-CC-GAAAAU.0,NWAY,HELIX,BQ.A1799,BQ.C1532,13,sugar,sugar
NWAY.6TB3.3-0-4.AGACG-CC-GAAAAU,NWAY.6TB3.3-6-1-3-2-1-2.GGUUC-GGUUAGUC-AUC-GGAAU-AACC-GGU-GUAC,NWAY.6TB3.3-0-4.AGACG-CC-GAAAAU.0,NWAY.6TB3.3-6-1-3-2-1-2.GGUUC-GGUUAGUC-AUC-GGAAU-AACC-GGU-GUAC.0,NWAY,NWAY,BQ.A1798,BQ.G1591,7,sugar,base
NWAY.6TB3.3-0-4.AGACG-CC-GAAAAU,TWOWAY.6TB3.3-4.CUAAG-CGAAAG,NWAY.6TB3.3-0-4.AGACG-CC-GAAAAU.0,TWOWAY.6TB3.3-4.CUAAG-CGAAAG.0,NWAY,TWOWAY,BQ.A1587,BQ.A1797,8,base,base
NWAY.6TB3.3-2-1-1.UAAUU-AUUC-GCU-AUG,NWAY.6TB3.5-6-5.UAUCAUA-UAAGCGUU-ACUAAUA,NWAY.6TB3.3-2-1-1.UAAUU-AUUC-GCU-AUG.0,NWAY.6TB3.5-6-5.UAUCAUA-UAAGCGUU-ACUAAUA.0,NWAY,NWAY,BQ.C2913,BQ.U3013,3,sugar,sugar
NWAY.6TB3.3-2-1-1.UAAUU-AUUC-GCU-AUG,TWOWAY.6TB3.3-2.UAAUU-ACCA,NWAY.6TB3.3-2-1-1.UAAUU-AUUC-GCU-AUG.0,TWOWAY.6TB3.3-2.UAAUU-ACCA.0,NWAY,TWOWAY,BQ.C3092,BQ.U3041,2,phos,base
NWAY.6TB3.3-3-1-1.CUAAG-UUGAU-ACC-GUG,HELIX.6TB3.2.CC-GG,HELIX.6TB3.2.CC-GG.8,NWAY.6TB3.3-3-1-1.CUAAG-UUGAU-ACC-GUG.0,NWAY,HELIX,BQ.A2657,BQ.G2754,2,base,base
NWAY.6TB3.3-6-1-3-2-1-2.GGUUC-GGUUAGUC-AUC-GGAAU-AACC-GGU-GUAC,HELIX.6TB3.2.GC-GC,HELIX.6TB3.2.GC-GC.7,NWAY.6TB3.3-6-1-3-2-1-2.GGUUC-GGUUAGUC-AUC-GGAAU-AACC-GGU-GUAC.0,NWAY,HELIX,BQ.U1530,BS.G114,4,sugar,sugar
NWAY.6TB3.4-0-5.AGAAAU-UC-GUUAAAA,HELIX.6TB3.3.GUU-AAU,HELIX.6TB3.3.GUU-AAU.0,NWAY.6TB3.4-0-5.AGAAAU-UC-GUUAAAA.0,NWAY,HELIX,2.G631,2.U1104,2,base,phos
NWAY.6TB3.4-0-5.AGAAAU-UC-GUUAAAA,TWOWAY.6TB3.3-3.0-1--1,NWAY.6TB3.4-0-5.AGAAAU-UC-GUUAAAA.0,TWOWAY.6TB3.3-3.0-1--1.GA-AAU-U,NWAY,TWOWAY,2.A1087,2.A1142,4,base,sugar
NWAY.6TB3.4-0-5.AGAAAU-UC-GUUAAAA,TWOWAY.6TB3.3-3.CGUAG-UCAAG,NWAY.6TB3.4-0-5.AGAAAU-UC-GUUAAAA.0,TWOWAY.6TB3.3-3.CGUAG-UCAAG.0,NWAY,TWOWAY,2.C969,2.U1104,3,sugar,sugar
NWAY.6TB3.5-0-2-0.CAAAUAU-AG-UGAU-AG,HELIX.6TB3.7.GUAGAUA-UAUCUAC,HELIX.6TB3.7.GUAGAUA-UAUCUAC.0,NWAY.6TB3.5-0-2-0.CAAAUAU-AG-UGAU-AG.0,NWAY,HELIX,BQ.A1452,BQ.C2346,4,sugar,sugar
NWAY.6TB3.5-0-2-0.CAAAUAU-AG-UGAU-AG,TWOWAY.6TB3.5-2.AAUAAUG-CUAU,NWAY.6TB3.5-0-2-0.CAAAUAU-AG-UGAU-AG.0,TWOWAY.6TB3.5-2.AAUAAUG-CUAU.0,NWAY,TWOWAY,BQ.A1452,BQ.C2346,4,sugar,sugar
NWAY.6TB3.5-3-6.UGAACUA-UAGGG-UAAUCGAA,HELIX.6TB3.2.GG-CU,HELIX.6TB3.2.GG-CU.2,NWAY.6TB3.5-3-6.UGAACUA-UAGGG-UAAUCGAA.0,NWAY,HELIX,BQ.A816,BQ.G910,5,base,base
NWAY.6TB3.5-6-5.UAUCAUA-UAAGCGUU-ACUAAUA,TWOWAY.6TB3.3-3.AUUAU-AGAAU,NWAY.6TB3.5-6-5.UAUCAUA-UAAGCGUU-ACUAAUA.0,TWOWAY.6TB3.3-3.AUUAU-AGAAU.0,NWAY,TWOWAY,BQ.A2892,BQ.A3129,7,sugar,sugar
NWAY.6TB3.7-1-3-0.AUUAAAUC-GCC-GUAAC-GG-C,TWOWAY.6TB3.1-4.GGG-CGAUUC,NWAY.6TB3.7-1-3-0.AUUAAAUC-GCC-GUAAC-GG-C.0,TWOWAY.6TB3.1-4.GGG-CGAUUC.0,NWAY,TWOWAY,2.C361,2.U379,3,base,phos
NWAY.6TB3.7-2-5.CAGACAUGG-CUGG-CAUAAUG,SSTRAND.6TB3.8.UGUUUUGU,NWAY.6TB3.7-2-5.CAGACAUGG-CUGG-CAUAAUG.0,SSTRAND.6TB3.8.UGUUUUGU.0,NWAY,SSTRAND,BQ.G443,BQ.G445,2,phos,base
NWAY.6TB3.8-4-1.AGGGCAAGUC-CAGCCG-GCU,TWOWAY.6TB3.5-7.GUGCCAG-CGGUAAUUC,NWAY.6TB3.8-4-1.AGGGCAAGUC-CAGCCG-GCU.0,TWOWAY.6TB3.5-7.GUGCCAG-CGGUAAUUC.0,NWAY,TWOWAY,2.G551,2.U581,3,phos,sugar
SSTRAND.3IWN.2.GA,SSTRAND.3IWN.3.AAA,SSTRAND.3IWN.2.GA.0,SSTRAND.3IWN.3.AAA.0,SSTRAND,SSTRAND,A.A14,A.A33,5,base,sugar
SSTRAND.5VPO.1.A,SSTRAND.5VPO.3.UAA,SSTRAND.5VPO.1.A.1,SSTRAND.5VPO.3.UAA.0,SSTRAND,SSTRAND,RA.A1773,RA.A1977,3,base,base
SSTRAND.5VPO.1.G,SSTRAND.5VPO.3.AUG,SSTRAND.5VPO.1.G.2,SSTRAND.5VPO.3.AUG.0,SSTRAND,SSTRAND,RA.A111,RA.G75,3,base,base
SSTRAND.5VPO.1.U,TWOWAY.5VPO.4-6.CCGCCC-GUAACAAG,SSTRAND.5VPO.1.U.2,TWOWAY.5VPO.4-6.CCGCCC-GUAACAAG.0,SSTRAND,TWOWAY,QA.C1402,QX.U3,2,phos,base
SSTRAND.5VPO.10.AAGAACCUUA,SSTRAND.5VPO.2.GC,SSTRAND.5VPO.10.AAGAACCUUA.0,SSTRAND.5VPO.2.GC.0,SSTRAND,SSTRAND,QA.A977,QA.C1223,8,sugar,base
SSTRAND.5VPO.2.CA,HELIX.5VPO.2.CA-UG,HELIX.5VPO.2.CA-UG.0,SSTRAND.5VPO.2.CA.0,SSTRAND,HELIX,QA.A1398,QA.C1395,4,sugar,sugar
SSTRAND.5VPO.2.CA,TWOWAY.5VPO.1-0.UAC-GA,SSTRAND.5VPO.2.CA.0,TWOWAY.5VPO.1-0.UAC-GA.0,SSTRAND,TWOWAY,QA.A1398,QA.C1395,4,sugar,sugar
SSTRAND.5VPO.2.GC,SSTRAND.5VPO.6.UUAAUU,SSTRAND.5VPO.2.GC.0,SSTRAND.5VPO.6.UUAAUU.0,SSTRAND,SSTRAND,QA.C1223,QA.U961,2,phos,sugar
SSTRAND.5VPO.2.GU,TWOWAY.5VPO.0-1.UU-GGG,SSTRAND.5VPO.2.GU.0,TWOWAY.5VPO.0-1.UU-GGG.0,SSTRAND,TWOWAY,QA.G1505,QA.G925,2,sugar,base
SSTRAND.5VPO.2.GU,TWOWAY.5VPO.4-6.CCGCCC-GUAACAAG,SSTRAND.5VPO.2.GU.0,TWOWAY.5VPO.4-6.CCGCCC-GUAACAAG.0,SSTRAND,TWOWAY,QA.A1502,QA.G1505,2,base,base
SSTRAND.5VPO.2.UU,TWOWAY.5VPO.1-2.CAG-CGGG,SSTRAND.5VPO.2.UU.0,TWOWAY.5VPO.1-2.CAG-CGGG.0,SSTRAND,TWOWAY,RA.G2238,RA.U2075,2,phos,sugar
SSTRAND.5VPO.3.AUG,HELIX.5VPO.3.CGU-GCG,HELIX.5VPO.3.CGU-GCG.0,SSTRAND.5VPO.3.AUG.0,SSTRAND,HELIX,RA.G113,RA.G70,3,phos,base
SSTRAND.5VPO.3.GCA,TWOWAY.5VPO.3-7.UUGAG-CAAGAUGAG,SSTRAND.5VPO.3.GCA.0,TWOWAY.5VPO.3-7.UUGAG-CAAGAUGAG.0,SSTRAND,TWOWAY,RA.A2781,RA.C2628,4,base,sugar
SSTRAND.5VPO.3.UAA,TWOWAY.5VPO.4-5.CGUAAC-GGAGAAG,SSTRAND.5VPO.3.UAA.0,TWOWAY.5VPO.4-5.CGUAAC-GGAGAAG.0,SSTRAND,TWOWAY,RA.A1690,RA.A1978,4,base,phos
SSTRAND.6TB3.1.A,SSTRAND.6TB3.4.UUAA,SSTRAND.6TB3.1.A.2,SSTRAND.6TB3.4.UUAA.0,SSTRAND,SSTRAND,BQ.A2131,BQ.A2320,3,base,base
SSTRAND.6TB3.1.A,TWOWAY.6TB3.1-1.GCU-AAC,SSTRAND.6TB3.1.A.0,TWOWAY.6TB3.1-1.GCU-AAC.0,SSTRAND,TWOWAY,2.A623,2.C625,2,sugar,phos
SSTRAND.6TB3.1.G,SSTRAND.6TB3.3.AUA,SSTRAND.6TB3.1.G.1,SSTRAND.6TB3.3.AUA.0,SSTRAND,SSTRAND,BQ.A2149,BQ.G2187,6,base,sugar
SSTRAND.6TB3.1.G,SSTRAND.6TB3.6.UUGUUG,SSTRAND.6TB3.1.G.0,SSTRAND.6TB3.6.UUGUUG.0,SSTRAND,SSTRAND,2.G1108,2.G610,3,base,base
SSTRAND.6TB3.2.AU,SSTRAND.6TB3.7.UUCUUUG,SSTRAND.6TB3.2.AU.0,SSTRAND.6TB3.7.UUCUUUG.0,SSTRAND,SSTRAND,BQ.A3292,BQ.G3158,5,base,base
SSTRAND.6TB3.2.GU,SSTRAND.6TB3.7.UUCUUUG,SSTRAND.6TB3.2.GU.1,SSTRAND.6TB3.7.UUCUUUG.0,SSTRAND,SSTRAND,BQ.G3158,BQ.G3395,4,base,base
SSTRAND.6TB3.2.GU,TWOWAY.6TB3.1-0.GGA-UU,SSTRAND.6TB3.2.GU.0,TWOWAY.6TB3.1-0.GGA-UU.0,SSTRAND,TWOWAY,2.A1151,2.G1768,2,phos,base
SSTRAND.6TB3.2.GU,TWOWAY.6TB3.4-6.CCGCCC-GUAACAAG,SSTRAND.6TB3.2.GU.0,TWOWAY.6TB3.4-6.CCGCCC-GUAACAAG.0,SSTRAND,TWOWAY,2.A1765,2.G1768,2,base,base
SSTRAND.6TB3.2.UG,TWOWAY.6TB3.1-2.UAG-UGGG,SSTRAND.6TB3.2.UG.0,TWOWAY.6TB3.1-2.UAG-UGGG.0,SSTRAND,TWOWAY,BQ.G2418,BQ.G2606,2,sugar,base
SSTRAND.6TB3.3.AAA,SSTRAND.6TB3.4.CAGA,SSTRAND.6TB3.3.AAA.1,SSTRAND.6TB3.4.CAGA.0,SSTRAND,SSTRAND,BQ.A2386,BS.A2,2,base,base
SSTRAND.6TB3.3.ACA,TWOWAY.6TB3.0-1.GA-UAC,SSTRAND.6TB3.3.ACA.0,TWOWAY.6TB3.0-1.GA-UAC.0,SSTRAND,TWOWAY,2.A1635,2.C1632,3,base,sugar
SSTRAND.6TB3.3.UAU,SSTRAND.6TB3.4.GUGU,SSTRAND.6TB3.3.UAU.2,SSTRAND.6TB3.4.GUGU.0,SSTRAND,SSTRAND,BQ.A187,BQ.G227,3,base,base
SSTRAND.6TB3.4.CAGA,SSTRAND.6TB3.5.GGAAG,SSTRAND.6TB3.4.CAGA.0,SSTRAND.6TB3.5.GGAAG.0,SSTRAND,SSTRAND,BQ.A2384,BQ.G420,2,sugar,base
SSTRAND.6TB3.4.GAAA,SSTRAND.6TB3.6.CAUAAA,SSTRAND.6TB3.4.GAAA.0,SSTRAND.6TB3.6.CAUAAA.0,SSTRAND,SSTRAND,2.A979,2.C1022,6,base,base
SSTRAND.6TB3.4.UUAA,TWOWAY.6TB3.4-5.CGUAAC-GGAUAAG,SSTRAND.6TB3.4.UUAA.0,TWOWAY.6TB3.4-5.CGUAAC-GGAUAAG.0,SSTRAND,TWOWAY,BQ.A2320,BQ.G1928,2,base,sugar
SSTRAND.7EQG.2.DA,SSTRAND.7EQG.9.CCUGGUUCA,SSTRAND.7EQG.2.DA.0,SSTRAND.7EQG.9.CCUGGUUCA.0,SSTRAND,SSTRAND,M.C37,N.DG4,4,base,aa
TWOWAY.1S03.0-1.UG-CAA,TWOWAY.1S03.2-0.AAAC-GU,TWOWAY.1S03.0-1.UG-CAA.0,TWOWAY.1S03.2-0.AAAC-GU.0,TWOWAY,TWOWAY,A.A12,A.A35,2,base,sugar
TWOWAY.3IWN.0-1.AC-GAU,HELIX.3IWN.2.CG-CG,HELIX.3IWN.2.CG-CG.1,TWOWAY.3IWN.0-1.AC-GAU.1,TWOWAY,HELIX,B.C103,B.C188,3,base,base
TWOWAY.4R4V.1-0.CAG-CG,TWOWAY.4R4V.2-0.UAAG-CA,TWOWAY.4R4V.1-0.CAG-CG.0,TWOWAY.4R4V.2-0.UAAG-CA.0,TWOWAY,TWOWAY,A.A652,A.A720,3,sugar,base
TWOWAY.5VPO.0-1.GC-GAC,HELIX.5VPO.3.CCG-CGG,HELIX.5VPO.3.CCG-CGG.1,TWOWAY.5VPO.0-1.GC-GAC.0,TWOWAY,HELIX,RA.A1981,RA.C758,2,sugar,base
TWOWAY.5VPO.0-1.GC-GAC,TWOWAY.5VPO.2-1.GGUG-CUC,TWOWAY.5VPO.0-1.GC-GAC.0,TWOWAY.5VPO.2-1.GGUG-CUC.0,TWOWAY,TWOWAY,RA.A1981,RA.C758,2,sugar,base
TWOWAY.5VPO.0-1.GG-UCC,HELIX.5VPO.3.UGG-CCA,HELIX.5VPO.3.UGG-CCA.0,TWOWAY.5VPO.0-1.GG-UCC.0,TWOWAY,HELIX,RA.A2882,RA.C2879,2,base,base
TWOWAY.5VPO.0-1.UU-GGG,TWOWAY.5VPO.4-6.CCGCCC-GUAACAAG,TWOWAY.5VPO.0-1.UU-GGG.0,TWOWAY.5VPO.4-6.CCGCCC-GUAACAAG.0,TWOWAY,TWOWAY,QA.A1503,QA.G925,4,base,phos
TWOWAY.5VPO.0-2.CG-CGUG,TWOWAY.5VPO.3-3.0-1--1,TWOWAY.5VPO.0-2.CG-CGUG.0,TWOWAY.5VPO.3-3.0-1--1.AG-CGG-C,TWOWAY,TWOWAY,QA.A101,QA.G64,4,base,base
TWOWAY.5VPO.0-2.CG-CGUG,TWOWAY.5VPO.4-5.GACAAC-GCUAAUC,TWOWAY.5VPO.0-2.CG-CGUG.0,TWOWAY.5VPO.4-5.GACAAC-GCUAAUC.0,TWOWAY,TWOWAY,QA.A171,QA.C103,6,sugar,base
TWOWAY.5VPO.0-2.GA-UACC,TWOWAY.5VPO.5-8.CCGAAAC-GAGAUAGCUG,TWOWAY.5VPO.0-2.GA-UACC.0,TWOWAY.5VPO.5-8.CCGAAAC-GAGAUAGCUG.0,TWOWAY,TWOWAY,RA.A2071,RA.A677,3,sugar,sugar
TWOWAY.5VPO.0-2.GU-AUAC,TWOWAY.5VPO.1-0.GGC-GC,TWOWAY.5VPO.0-2.GU-AUAC.0,TWOWAY.5VPO.1-0.GGC-GC.0,TWOWAY,TWOWAY,QA.A640,QA.G595,4,sugar,base
TWOWAY.5VPO.0-2.UG-CAAG,TWOWAY.5VPO.4-4.GAUAAC-GGAAGC,TWOWAY.5VPO.0-2.UG-CAAG.0,TWOWAY.5VPO.4-4.GAUAAC-GGAAGC.0,TWOWAY,TWOWAY,RA.A2541,RA.A2765,11,base,base
TWOWAY.5VPO.0-2.UG-UGAA,HELIX.5VPO.2.GU-AC,HELIX.5VPO.2.GU-AC.3,TWOWAY.5VPO.0-2.UG-UGAA.0,TWOWAY,HELIX,RA.A1901,RA.G1840,2,base,base
TWOWAY.5VPO.0-2.UG-UGAA,TWOWAY.5VPO.2-0.CCGG-CG,TWOWAY.5VPO.0-2.UG-UGAA.0,TWOWAY.5VPO.2-0.CCGG-CG.0,TWOWAY,TWOWAY,RA.A1901,RA.C1838,5,base,base
TWOWAY.5VPO.0-3.GG-UCAGC,TWOWAY.5VPO.3-1.UGCAU-AUG,TWOWAY.5VPO.0-3.GG-UCAGC.0,TWOWAY.5VPO.3-1.UGCAU-AUG.0,TWOWAY,TWOWAY,QA.A1055,QA.C1200,6,base,base
TWOWAY.5VPO.0-3.GG-UGGCC,HELIX.5VPO.2.CG-UG,HELIX.5VPO.2.CG-UG.0,TWOWAY.5VPO.0-3.GG-UGGCC.0,TWOWAY,HELIX,QA.G306,QA.G46,2,phos,sugar
TWOWAY.5VPO.0-3.GG-UGGCC,TWOWAY.5VPO.6-4.UGAAAGAC-GGGGAG,TWOWAY.5VPO.0-3.GG-UGGCC.0,TWOWAY.5VPO.6-4.UGAAAGAC-GGGGAG.0,TWOWAY,TWOWAY,QA.A608,QA.G292,4,base,base
TWOWAY.5VPO.1-0.GUG-CC,TWOWAY.5VPO.5-8.CCGAAAC-GAGAUAGCUG,TWOWAY.5VPO.1-0.GUG-CC.1,TWOWAY.5VPO.5-8.CCGAAAC-GAGAUAGCUG.0,TWOWAY,TWOWAY,RA.A675,RA.C2443,7,sugar,sugar
TWOWAY.5VPO.1-0.UAC-GA,TWOWAY.5VPO.4-6.CCGCCC-GUAACAAG,TWOWAY.5VPO.1-0.UAC-GA.0,TWOWAY.5VPO.4-6.CCGCCC-GUAACAAG.0,TWOWAY,TWOWAY,QA.A1394,QA.A1500,5,base,sugar
TWOWAY.5VPO.1-1.CAU-GGG,TWOWAY.5VPO.6-4.GGAGUACG-UGAAAC,TWOWAY.5VPO.1-1.CAU-GGG.0,TWOWAY.5VPO.6-4.GGAGUACG-UGAAAC.0,TWOWAY,TWOWAY,QA.A1413,QA.A909,4,sugar,sugar
TWOWAY.5VPO.1-1.CUG-UUG,TWOWAY.5VPO.3-3.UCAAG-CGAAG,TWOWAY.5VPO.1-1.CUG-UUG.0,TWOWAY.5VPO.3-3.UCAAG-CGAAG.0,TWOWAY,TWOWAY,RA.A1853,RA.G2087,7,base,sugar
TWOWAY.5VPO.1-1.GAG-UCC,HAIRPIN.5VPO.19.GGUCGCCUCCUAAAAGGUAAC,HAIRPIN.5VPO.19.GGUCGCCUCCUAAAAGGUAAC.0,TWOWAY.5VPO.1-1.GAG-UCC.0,TWOWAY,HAIRPIN,RA.A2266,RA.A953,10,sugar,phos
TWOWAY.5VPO.1-1.GAU-AAU,HAIRPIN.5VPO.4.CUAACG,HAIRPIN.5VPO.4.CUAACG.0,TWOWAY.5VPO.1-1.GAU-AAU.0,TWOWAY,HAIRPIN,QA.A865,QA.A918,5,sugar,sugar
TWOWAY.5VPO.1-1.GAU-AAU,HELIX.5VPO.2.GU-AC,HELIX.5VPO.2.GU-AC.1,TWOWAY.5VPO.1-1.GAU-AAU.0,TWOWAY,HELIX,QA.A865,QA.A918,5,sugar,sugar
TWOWAY.5VPO.1-3.UAG-CGAAA,TWOWAY.5VPO.5-8.3-3-1,TWOWAY.5VPO.1-3.UAG-CGAAA.0,TWOWAY.5VPO.5-8.3-3-1.GGAUC-GGGAG-CGU,TWOWAY,TWOWAY,RA.G295,RA.G81,3,sugar,sugar
TWOWAY.5VPO.11-2.CUGCGUAGGAUAG-CCUG,TWOWAY.5VPO.2-12.GGAG-CGCCGGUGAAAUAC,TWOWAY.5VPO.11-2.CUGCGUAGGAUAG-CCUG.0,TWOWAY.5VPO.2-12.GGAG-CGCCGGUGAAAUAC.0,TWOWAY,TWOWAY,RA.A2114,RA.A2170,9,base,base
TWOWAY.5VPO.11-6.0-7-4,TWOWAY.5VPO.4-3.UGUAAG-UUGAG,TWOWAY.5VPO.11-6.0-7-4.CC-AUGGACGAG-CUCCAG,TWOWAY.5VPO.4-3.UGUAAG-UUGAG.0,TWOWAY,TWOWAY,RA.A2705,RA.G2852,2,sugar,phos
TWOWAY.5VPO.2-0.CCGG-CG,HELIX.5VPO.2.GU-AC,HELIX.5VPO.2.GU-AC.3,TWOWAY.5VPO.2-0.CCGG-CG.0,TWOWAY,HELIX,RA.A1901,RA.C1838,4,base,base
TWOWAY.5VPO.2-0.GAAG-CC,TWOWAY.5VPO.4-7.GAGUAG-CGCAGAUAC,TWOWAY.5VPO.2-0.GAAG-CC.0,TWOWAY.5VPO.4-7.GAGUAG-CGCAGAUAC.0,TWOWAY,TWOWAY,QA.A702,RA.A1848,3,phos,sugar
TWOWAY.5VPO.2-2.CCAC-GGAG,TWOWAY.5VPO.5-5.UACAAAG-CAAAAAG,TWOWAY.5VPO.2-2.CCAC-GGAG.0,TWOWAY.5VPO.5-5.UACAAAG-CAAAAAG.0,TWOWAY,TWOWAY,QA.C1259,QA.C1284,2,sugar,sugar
TWOWAY.5VPO.2-3.GGGG-CCGAC,TWOWAY.5VPO.3-3.UUUCC-GGUAG,TWOWAY.5VPO.2-3.GGGG-CCGAC.0,TWOWAY.5VPO.3-3.UUUCC-GGUAG.0,TWOWAY,TWOWAY,RA.A2721,RA.A2873,8,sugar,sugar
TWOWAY.5VPO.2-5.0-0-1,HELIX.5VPO.2.GC-GC,HELIX.5VPO.2.GC-GC.7,TWOWAY.5VPO.2-5.0-0-1.UG-CA-CAA,TWOWAY,HELIX,RA.A1587,RA.C1417,3,sugar,base
TWOWAY.5VPO.2-5.0-0-1,TWOWAY.5VPO.3-3.CGAUG-CUAAG,TWOWAY.5VPO.2-5.0-0-1.UG-CA-CAA,TWOWAY.5VPO.3-3.CGAUG-CUAAG.0,TWOWAY,TWOWAY,RA.A1587,RA.C1417,3,sugar,base
TWOWAY.5VPO.3-0.GGGAG-UC,TWOWAY.5VPO.3-3.CAAAC-GGUAG,TWOWAY.5VPO.3-0.GGGAG-UC.0,TWOWAY.5VPO.3-3.CAAAC-GGUAG.0,TWOWAY,TWOWAY,QA.A802,QA.G776,3,base,phos
TWOWAY.5VPO.3-1.UUCCC-GCA,HELIX.5VPO.2.GU-AC,HELIX.5VPO.2.GU-AC.0,TWOWAY.5VPO.3-1.UUCCC-GCA.0,TWOWAY,HELIX,QA.C934,QA.C936,4,sugar,phos
TWOWAY.5VPO.3-2.AGAAG-UGGU,HELIX.5VPO.2.GG-CC,HELIX.5VPO.2.GG-CC.4,TWOWAY.5VPO.3-2.AGAAG-UGGU.0,TWOWAY,HELIX,RA.A1471,RA.C1403,2,sugar,sugar
TWOWAY.5VPO.3-2.GAGAG-UGGU,HELIX.5VPO.2.GC-GC,HELIX.5VPO.2.GC-GC.4,TWOWAY.5VPO.3-2.GAGAG-UGGU.0,TWOWAY,HELIX,QA.A665,QA.C732,3,sugar,sugar
TWOWAY.5VPO.3-3.0-1--1,TWOWAY.5VPO.4-5.GACAAC-GCUAAUC,TWOWAY.5VPO.3-3.0-1--1.AG-CGG-C,TWOWAY.5VPO.4-5.GACAAC-GCUAAUC.0,TWOWAY,TWOWAY,QA.A171,QA.C67,11,sugar,sugar
TWOWAY.5VPO.3-3.UCAAG-CGAAG,HELIX.5VPO.5.GGUGU-GCGCU,HELIX.5VPO.5.GGUGU-GCGCU.0,TWOWAY.5VPO.3-3.UCAAG-CGAAG.0,TWOWAY,HELIX,RA.A1853,RA.G2087,3,base,sugar
TWOWAY.5VPO.3-3.UUUCC-GGUAG,HELIX.5VPO.2.GU-GC,HELIX.5VPO.2.GU-GC.0,TWOWAY.5VPO.3-3.UUUCC-GGUAG.0,TWOWAY,HELIX,RA.G2718,RA.G2846,3,base,sugar
TWOWAY.5VPO.4-2.GCAAUG-UGAC,TWOWAY.5VPO.8-10.GGACGAAACC-GACUGACGGUAC,TWOWAY.5VPO.4-2.GCAAUG-UGAC.0,TWOWAY.5VPO.8-10.GGACGAAACC-GACUGACGGUAC.0,TWOWAY,TWOWAY,QA.A373,QA.A451,6,sugar,base
TWOWAY.5VPO.4-5.GACAAC-GCUAAUC,HELIX.5VPO.2.GC-GC,HELIX.5VPO.2.GC-GC.0,TWOWAY.5VPO.4-5.GACAAC-GCUAAUC.0,TWOWAY,HELIX,QA.A171,QA.C103,14,sugar,base
TWOWAY.5VPO.4-5.UGUAGA-UCCGAAG,HAIRPIN.5VPO.19.GGUCGCCUCCUAAAAGGUAAC,HAIRPIN.5VPO.19.GGUCGCCUCCUAAAAGGUAAC.0,TWOWAY.5VPO.4-5.UGUAGA-UCCGAAG.0,TWOWAY,HAIRPIN,RA.A2268,RA.A918,7,base,phos
TWOWAY.5VPO.4-5.UGUAGA-UCCGAAG,HELIX.5VPO.2.CU-GG,HELIX.5VPO.2.CU-GG.0,TWOWAY.5VPO.4-5.UGUAGA-UCCGAAG.0,TWOWAY,HELIX,RA.A861,RB.C79,6,sugar,sugar
TWOWAY.5VPO.4-5.UGUAGA-UCCGAAG,TWOWAY.5VPO.9-9.4-7-1,TWOWAY.5VPO.4-5.UGUAGA-UCCGAAG.0,TWOWAY.5VPO.9-9.4-7-1.GAGUAG-CGAUGGUAC-GGA,TWOWAY,TWOWAY,RA.A861,RB.C79,13,sugar,sugar
TWOWAY.5VPO.4-6.CAUCAG-CGACGACG,TWOWAY.5VPO.6-4.GGAGUACG-UGAAAC,TWOWAY.5VPO.4-6.CAUCAG-CGACGACG.0,TWOWAY.5VPO.6-4.GGAGUACG-UGAAAC.0,TWOWAY,TWOWAY,QA.C893,QA.U244,3,base,base
TWOWAY.5VPO.5-6.GGAACUG-CUCAGUAC,TWOWAY.5VPO.5-8.CCGAAAC-GAGAUAGCUG,TWOWAY.5VPO.5-6.GGAACUG-CUCAGUAC.0,TWOWAY.5VPO.5-8.CCGAAAC-GAGAUAGCUG.0,TWOWAY,TWOWAY,RA.A190,RA.G799,7,base,sugar
TWOWAY.5VPO.5-8.3-3-1,HELIX.5VPO.3.GCC-GGC,HELIX.5VPO.3.GCC-GGC.5,TWOWAY.5VPO.5-8.3-3-1.GGAUC-GGGAG-CGU,TWOWAY,HELIX,RA.G295,RA.G81,3,sugar,sugar
TWOWAY.5VPO.5-8.CCGAAAC-GAGAUAGCUG,HELIX.5VPO.2.GG-CC,HELIX.5VPO.2.GG-CC.9,TWOWAY.5VPO.5-8.CCGAAAC-GAGAUAGCUG.0,TWOWAY,HELIX,RA.A676,RA.C2442,5,sugar,base
TWOWAY.5VPO.6-3.CGAUGAAG-UGGAG,HAIRPIN.5VPO.7.GUGAAAGCC,HAIRPIN.5VPO.7.GUGAAAGCC.0,TWOWAY.5VPO.6-3.CGAUGAAG-UGGAG.0,TWOWAY,HAIRPIN,RA.A1210,RA.A331,4,base,phos
TWOWAY.5VPO.9-9.4-7-1,HELIX.5VPO.2.AG-CU,HELIX.5VPO.2.AG-CU.1,TWOWAY.5VPO.9-9.4-7-1.GAGUAG-CGAUGGUAC-GGA,TWOWAY,HELIX,RA.A863,RB.G100,4,sugar,base
TWOWAY.6TB3.0-1.AU-AUU,TWOWAY.6TB3.2-2.UUGA-UACA,TWOWAY.6TB3.0-1.AU-AUU.0,TWOWAY.6TB3.2-2.UUGA-UACA.0,TWOWAY,TWOWAY,BQ.C2737,BQ.U776,5,base,base
TWOWAY.6TB3.0-1.CC-GAG,HELIX.6TB3.2.AU-GU,HELIX.6TB3.2.AU-GU.0,TWOWAY.6TB3.0-1.CC-GAG.0,TWOWAY,HELIX,BQ.A706,BQ.G779,4,sugar,base
TWOWAY.6TB3.0-1.CU-GAG,HELIX.6TB3.3.GCG-CGU,HELIX.6TB3.3.GCG-CGU.0,TWOWAY.6TB3.0-1.CU-GAG.0,TWOWAY,HELIX,BQ.A2324,BQ.C890,2,sugar,base
TWOWAY.6TB3.0-1.CU-GAG,TWOWAY.6TB3.2-1.GGUU-AUC,TWOWAY.6TB3.0-1.CU-GAG.0,TWOWAY.6TB3.2-1.GGUU-AUC.0,TWOWAY,TWOWAY,BQ.A2324,BQ.C890,2,sugar,base
TWOWAY.6TB3.0-1.GA-UAC,TWOWAY.6TB3.4-6.CCGCCC-GUAACAAG,TWOWAY.6TB3.0-1.GA-UAC.0,TWOWAY.6TB3.4-6.CCGCCC-GUAACAAG.0,TWOWAY,TWOWAY,2.A1147,2.C1636,5,sugar,phos
TWOWAY.6TB3.0-2.UG-UAAA,TWOWAY.6TB3.2-0.CCAG-CG,TWOWAY.6TB3.0-2.UG-UAAA.0,TWOWAY.6TB3.2-0.CCAG-CG.0,TWOWAY,TWOWAY,BQ.A2242,BQ.C2245,8,base,base
TWOWAY.6TB3.1-0.AUC-GU,HELIX.6TB3.2.UC-GA,HELIX.6TB3.2.UC-GA.2,TWOWAY.6TB3.1-0.AUC-GU.0,TWOWAY,HELIX,BQ.G143,BS.G144,2,sugar,sugar
TWOWAY.6TB3.1-0.AUC-GU,TWOWAY.6TB3.1-1.CUG-CCG,TWOWAY.6TB3.1-0.AUC-GU.0,TWOWAY.6TB3.1-1.CUG-CCG.0,TWOWAY,TWOWAY,BQ.G143,BS.G144,2,sugar,sugar
TWOWAY.6TB3.1-0.GGA-UU,TWOWAY.6TB3.4-6.CCGCCC-GUAACAAG,TWOWAY.6TB3.1-0.GGA-UU.0,TWOWAY.6TB3.4-6.CCGCCC-GUAACAAG.0,TWOWAY,TWOWAY,2.A1151,2.A1766,5,phos,sugar
TWOWAY.6TB3.1-0.GUU-AC,TWOWAY.6TB3.5-8.CCGAAAG-CUAGUAGCUG,TWOWAY.6TB3.1-0.GUU-AC.1,TWOWAY.6TB3.5-8.CCGAAAG-CUAGUAGCUG.0,TWOWAY,TWOWAY,BQ.A806,BQ.C2812,7,sugar,sugar
TWOWAY.6TB3.1-1.GCU-AAC,TWOWAY.6TB3.4-3.GUAGAG-CGAUC,TWOWAY.6TB3.1-1.GCU-AAC.1,TWOWAY.6TB3.4-3.GUAGAG-CGAUC.0,TWOWAY,TWOWAY,BQ.A2107,BQ.A3344,6,base,sugar
TWOWAY.6TB3.1-1.GGA-UAC,HELIX.6TB3.3.AGU-ACU,HELIX.6TB3.3.AGU-ACU.0,TWOWAY.6TB3.1-1.GGA-UAC.0,TWOWAY,HELIX,2.A1732,2.C408,3,sugar,sugar
TWOWAY.6TB3.1-1.GGA-UAC,TWOWAY.6TB3.4-4.UGAGGC-GACAAA,TWOWAY.6TB3.1-1.GGA-UAC.0,TWOWAY.6TB3.4-4.UGAGGC-GACAAA.0,TWOWAY,TWOWAY,2.A1730,2.A391,9,sugar,sugar
TWOWAY.6TB3.1-1.UAC-GAA,TWOWAY.6TB3.6-4.GGAGUAUG-UGAAAC,TWOWAY.6TB3.1-1.UAC-GAA.0,TWOWAY.6TB3.6-4.GGAGUAUG-UGAAAC.0,TWOWAY,TWOWAY,2.A1116,2.C1652,2,sugar,sugar
TWOWAY.6TB3.1-1.UAU-AGA,TWOWAY.6TB3.5-8.CGUAGUC-GGGAUCGAAG,TWOWAY.6TB3.1-1.UAU-AGA.0,TWOWAY.6TB3.5-8.CGUAGUC-GGGAUCGAAG.0,TWOWAY,TWOWAY,2.A924,2.G987,3,sugar,phos
TWOWAY.6TB3.1-2.GAA-UACC,TWOWAY.6TB3.2-6.CUCU-AACGUGAG,TWOWAY.6TB3.1-2.GAA-UACC.0,TWOWAY.6TB3.2-6.CUCU-AACGUGAG.0,TWOWAY,TWOWAY,BQ.A2946,BQ.G2396,2,base,base
TWOWAY.6TB3.1-4.CCG-CUGUAG,TWOWAY.6TB3.5-4.GAAAGCA-UUAAGC,TWOWAY.6TB3.1-4.CCG-CUGUAG.0,TWOWAY.6TB3.5-4.GAAAGCA-UUAAGC.0,TWOWAY,TWOWAY,BR.A55,BR.C28,3,sugar,base
TWOWAY.6TB3.1-4.GGG-CGAUUC,TWOWAY.6TB3.7-6.GAAAAAAUU-AUAUUAGC,TWOWAY.6TB3.1-4.GGG-CGAUUC.0,TWOWAY.6TB3.7-6.GAAAAAAUU-AUAUUAGC.0,TWOWAY,TWOWAY,2.A755,2.C381,7,base,base
TWOWAY.6TB3.1-4.GUA-UUAAGC,TWOWAY.6TB3.4-3.UUUUUG-CGAAG,TWOWAY.6TB3.1-4.GUA-UUAAGC.0,TWOWAY.6TB3.4-3.UUUUUG-CGAAG.0,TWOWAY,TWOWAY,BQ.A3086,BQ.A3330,4,sugar,sugar
TWOWAY.6TB3.2-1.GCGG-UAC,TWOWAY.6TB3.5-2.AAUAAUG-CUAU,TWOWAY.6TB3.2-1.GCGG-UAC.0,TWOWAY.6TB3.5-2.AAUAAUG-CUAU.0,TWOWAY,TWOWAY,BQ.A1886,BQ.G2391,2,base,phos
TWOWAY.6TB3.2-2.CUUG-CUUG,HELIX.6TB3.2.AG-CU,HELIX.6TB3.2.AG-CU.0,TWOWAY.6TB3.2-2.CUUG-CUUG.0,TWOWAY,HELIX,2.C1495,2.U1519,2,sugar,base
TWOWAY.6TB3.2-2.CUUG-CUUG,TWOWAY.6TB3.6-7.GCCAGCGA-UUGUGAAAC,TWOWAY.6TB3.2-2.CUUG-CUUG.0,TWOWAY.6TB3.6-7.GCCAGCGA-UUGUGAAAC.0,TWOWAY,TWOWAY,2.C1495,2.U1519,2,sugar,base
TWOWAY.6TB3.2-2.GUUA-UUUC,TWOWAY.6TB3.7-6.GAAAAAAUU-AUAUUAGC,TWOWAY.6TB3.2-2.GUUA-UUUC.0,TWOWAY.6TB3.7-6.GAAAAAAUU-AUAUUAGC.0,TWOWAY,TWOWAY,2.A796,2.G109,2,base,base
TWOWAY.6TB3.2-2.UUGA-UACA,HELIX.6TB3.3.CGA-UUG,HELIX.6TB3.3.CGA-UUG.1,TWOWAY.6TB3.2-2.UUGA-UACA.0,TWOWAY,HELIX,BQ.G2720,BQ.U777,2,sugar,sugar
TWOWAY.6TB3.2-3.ACCA-UCCCU,HELIX.6TB3.2.AC-GU,HELIX.6TB3.2.AC-GU.1,TWOWAY.6TB3.2-3.ACCA-UCCCU.0,TWOWAY,HELIX,2.C1158,2.C1161,3,sugar,base
TWOWAY.6TB3.3-2.CGGGG-CAAG,HELIX.6TB3.2.GC-GC,HELIX.6TB3.2.GC-GC.3,TWOWAY.6TB3.3-2.CGGGG-CAAG.0,TWOWAY,HELIX,2.G875,2.G936,2,sugar,sugar
TWOWAY.6TB3.3-3.0-1--1,HAIRPIN.6TB3.4.AGAAAU,HAIRPIN.6TB3.4.AGAAAU.0,TWOWAY.6TB3.3-3.0-1--1.GA-AAU-U,TWOWAY,HAIRPIN,2.A1087,2.A1142,4,base,sugar
TWOWAY.6TB3.3-3.0-1--1,HELIX.6TB3.2.AA-UU,HELIX.6TB3.2.AA-UU.0,TWOWAY.6TB3.3-3.0-1--1.GA-AAU-U,TWOWAY,HELIX,2.A1087,2.A1142,4,base,sugar
TWOWAY.6TB3.3-3.GUUUG-CAUAC,TWOWAY.6TB3.8-7.2-6-1,TWOWAY.6TB3.3-3.GUUUG-CAUAC.0,TWOWAY.6TB3.8-7.2-6-1.AGCG-CUUAGUAA-UGA,TWOWAY,TWOWAY,BQ.A699,BQ.G103,2,sugar,sugar
TWOWAY.6TB3.4-1.UCUAAG-CUG,TWOWAY.6TB3.4-5.UAUAAC-GCUAAUA,TWOWAY.6TB3.4-1.UCUAAG-CUG.0,TWOWAY.6TB3.4-5.UAUAAC-GCUAAUA.0,TWOWAY,TWOWAY,2.A168,2.C87,5,sugar,base
TWOWAY.6TB3.4-3.GUAGAG-CGAUC,HELIX.6TB3.2.GG-CU,HELIX.6TB3.2.GG-CU.1,TWOWAY.6TB3.4-3.GUAGAG-CGAUC.0,TWOWAY,HELIX,BQ.A3362,BQ.G1940,3,sugar,sugar
TWOWAY.6TB3.4-3.UAUAAG-UGAAA,TWOWAY.6TB3.4-5.UAUAAC-GCUAAUA,TWOWAY.6TB3.4-3.UAUAAG-UGAAA.0,TWOWAY.6TB3.4-5.UAUAAC-GCUAAUA.0,TWOWAY,TWOWAY,2.A148,2.A85,7,base,sugar
TWOWAY.6TB3.4-3.UGUAAG-CUGAG,TWOWAY.6TB3.4-3.UUUUUG-CGAAG,TWOWAY.6TB3.4-3.UGUAAG-CUGAG.0,TWOWAY.6TB3.4-3.UUUUUG-CGAAG.0,TWOWAY,TWOWAY,BQ.C3084,BQ.U3332,2,sugar,phos
TWOWAY.6TB3.4-4.AUUAGA-UAUUCU,TWOWAY.6TB3.6-4.3-2--1,TWOWAY.6TB3.4-4.AUUAGA-UAUUCU.0,TWOWAY.6TB3.6-4.3-2--1.CGAAU-AAAC-G,TWOWAY,TWOWAY,BQ.C1000,BQ.U1044,3,sugar,base
TWOWAY.6TB3.4-4.UGAGGC-GACAAA,HELIX.6TB3.2.GG-CC,HELIX.6TB3.2.GG-CC.0,TWOWAY.6TB3.4-4.UGAGGC-GACAAA.0,TWOWAY,HELIX,2.A1732,2.C408,3,sugar,sugar
TWOWAY.6TB3.4-5.UAUAAC-GCUAAUA,HELIX.6TB3.2.GU-AC,HELIX.6TB3.2.GU-AC.1,TWOWAY.6TB3.4-5.UAUAAC-GCUAAUA.0,TWOWAY,HELIX,2.A171,2.G143,2,base,base
TWOWAY.6TB3.4-6.UAUCAA-UUUCAACG,TWOWAY.6TB3.6-4.GGAGUAUG-UGAAAC,TWOWAY.6TB3.4-6.UAUCAA-UUUCAACG.0,TWOWAY.6TB3.6-4.GGAGUAUG-UGAAAC.0,TWOWAY,TWOWAY,2.G1118,2.U313,3,sugar,base
TWOWAY.6TB3.5-4.GAAAGCA-UUAAGC,HELIX.6TB3.2.AC-GU,HELIX.6TB3.2.AC-GU.5,TWOWAY.6TB3.5-4.GAAAGCA-UUAAGC.0,TWOWAY,HELIX,BR.A55,BR.C28,3,sugar,base
TWOWAY.6TB3.5-7.CGAAACU-ACCGAGUAG,TWOWAY.6TB3.7-6.UUUAAAUAU-GAGGUAAA,TWOWAY.6TB3.5-7.CGAAACU-ACCGAGUAG.0,TWOWAY.6TB3.7-6.UUUAAAUAU-GAGGUAAA.0,TWOWAY,TWOWAY,BQ.A1053,BR.A102,10,sugar,sugar
TWOWAY.6TB3.5-8.CCGAAAG-CUAGUAGCUG,HELIX.6TB3.2.UG-CA,HELIX.6TB3.2.UG-CA.2,TWOWAY.6TB3.5-8.CCGAAAG-CUAGUAGCUG.0,TWOWAY,HELIX,BQ.A2811,BQ.A807,4,sugar,base
TWOWAY.6TB3.5-8.CCGAAAG-CUAGUAGCUG,TWOWAY.6TB3.6-7.CUGAACUU-AUCAAUAAG,TWOWAY.6TB3.5-8.CCGAAAG-CUAGUAGCUG.0,TWOWAY.6TB3.6-7.CUGAACUU-AUCAAUAAG.0,TWOWAY,TWOWAY,BQ.A34,BQ.C931,8,base,sugar
TWOWAY.6TB3.7-6.UUUAAAUAU-GAGGUAAA,HAIRPIN.6TB3.20.GGCACAUCUGUUAAACGAUAAC,HAIRPIN.6TB3.20.GGCACAUCUGUUAAACGAUAAC.0,TWOWAY.6TB3.7-6.UUUAAAUAU-GAGGUAAA.0,TWOWAY,HAIRPIN,BQ.A1055,BQ.A2637,4,base,base
TWOWAY.6TB3.8-22.CAGCGAAAUG-GUGAAUUGCAGAAUUCCGUGAAUC,HAIRPIN.6TB3.24.CGAAAUGCGAUACGUAAUGUGAAUUG,HAIRPIN.6TB3.24.CGAAAUGCGAUACGUAAUGUGAAUUG.0,TWOWAY.6TB3.8-22.CAGCGAAAUG-GUGAAUUGCAGAAUUCCGUGAAUC.0,TWOWAY,HAIRPIN,BS.C47,BS.C62,3,sugar,phos
