residue,atom_1,atom_2
A,N9,C8
A,N7,C8
A,N6,C6
A,N1,C2
A,N3,C2
A,O1P,P
A,O2P,P
A,O5',C5'
A,O4',C1'
A,O3',C3'
A,O2',C2'
ALA,N,CA
ALA,O,C
ARG,N,CA
ARG,NE,CZ
ARG,NH1,CZ
ARG,NH2,CZ
ARG,O,C
ASN,N,CA
ASN,ND2,CG
ASN,O,C
ASN,OD1,CG
ASP,N,CA
ASP,O,C
ASP,OD1,CG
ASP,OD2,CG
CYS,N,CA
CYS,O,C
C,N1,C6
C,N3,C4
C,N4,C4
C,O1P,P
C,O2P,P
C,O5',C5'
C,O4',C1'
C,O3',C3'
C,O2',C2'
C,O2,C2
G,N9,C8
G,N7,C8
G,N1,C2
G,N2,C2
G,N3,C2
G,O1P,P
G,O2P,P
G,O5',C5'
G,O4',C1'
G,O3',C3'
G,O2',C2'
G,O6,C6
GLN,N,CA
GLN,NE2,CD
GLN,O,C
GLN,OE1,CD
GLU,N,CA
GLU,O,C
GLU,OE1,CD
GLU,OE2,CD
GLY,N,CA
GLY,O,C
HIS,N,CA
HIS,ND1,CE1
HIS,NE2,CE1
HIS,O,C
ILE,N,CA
ILE,O,C
LEU,N,CA
LEU,O,C
LYS,N,CA
LYS,NZ,CE
LYS,O,C
MET,N,CA
MET,O,C
PHE,N,CA
PHE,O,C
PRO,N,CA
PRO,O,C
SER,N,CA
SER,O,C
SER,OG,CB
THR,N,CA
THR,O,C
THR,OG1,CB
TRP,N,CA
TRP,NE1,CE2
TRP,O,C
TYR,N,CA
TYR,O,C
TYR,OH,CZ
U,N1,C6
U,N3,C2
U,O1P,P
U,O2P,P
U,O5',C5'
U,O4',C1'
U,O3',C3'
U,O2',C2'
U,O2,C2
U,O4,C4
VAL,N,CA
VAL,O,C
