name,type,size,base:base,base:sugar,base:phos,sugar:base,sugar:sugar,sugar:phos,phos:base,phos:sugar,phos:phos,base:aa,sugar:aa,phos:aa
HELIX.3R9X.9.CAACCGUAG-CUGCGGUUG.0,HELIX,18,0,0,0,0,0,0,0,0,0,4,2,10
SSTRAND.3R9X.11.GAUCACCUCCU.0,SSTRAND,11,0,0,0,0,0,0,0,0,0,40,8,10
SSTRAND.3R9X.3.GNP.0,SSTRAND,1,0,0,0,0,0,0,0,0,0,0,0,0
TWOWAY.3R9X.1-0.GGG-CC.0,TWOWAY,5,0,0,0,0,0,0,0,0,0,2,0,2
SSTRAND.5HBY.4.AGUC.0,SSTRAND,13,0,0,0,0,0,0,0,0,0,0,0,0
SSTRAND.3K64.9.UGUGUCAUU.0,SSTRAND,9,0,0,0,0,0,0,0,0,0,32,7,2
HELIX.6JDV.8.GUUGUAGC-GCUACAAU.0,HELIX,16,0,0,0,0,0,0,0,0,0,6,12,38
HELIX.6JDV.3.GGC-GCC.0,HELIX,6,0,0,0,0,0,0,0,0,0,0,8,20
HELIX.6JDV.5.CGUCU-AGAUG.0,HELIX,10,0,0,0,0,0,0,0,0,0,0,0,2
HELIX.6JDV.4.AACG-CGUU.0,HELIX,8,0,0,0,0,0,0,0,1,0,4,0,8
HELIX.6JDV.13.UGCCCCUUAAAGC-GCUUUAAGGGGCA.0,HELIX,26,0,0,0,0,1,0,0,0,0,0,2,8
SSTRAND.6JDV.2.AA.0,SSTRAND,2,1,1,0,0,0,0,2,0,0,4,6,2
SSTRAND.6JDV.2.GC.0,SSTRAND,2,1,1,0,0,0,0,2,0,0,2,2,8
SSTRAND.6JDV.1.U.0,SSTRAND,1,0,0,0,0,1,0,0,0,0,0,0,0
SSTRAND.6JDV.3.UAU.0,SSTRAND,3,1,2,0,0,0,0,2,1,0,2,0,12
TWOWAY.6JDV.0-1.CC-GUG.0,TWOWAY,5,0,1,0,0,0,0,0,0,0,2,6,14
TWOWAY.6JDV.5-5.CUCCCUU-ACCGUUG.0,TWOWAY,14,0,0,0,0,0,0,0,0,0,10,21,14
TWOWAY.6JDV.3-1.GCUCU-AUC.0,TWOWAY,8,0,0,0,0,0,0,0,0,0,4,2,8
HAIRPIN.7EQG.10.CUGCCGUGUAGG.0,HAIRPIN,12,2,0,0,0,0,1,0,0,0,9,7,10
SSTRAND.7EQG.8.CUAAGAAA.0,SSTRAND,8,0,0,0,0,0,0,0,0,0,14,2,22
SSTRAND.7EQG.9.CCUGGUUCA.0,SSTRAND,9,1,0,0,0,1,1,0,0,0,8,9,28
SSTRAND.7EQG.1.C.0,SSTRAND,1,1,0,0,0,0,1,0,0,0,4,3,2
SSTRAND.7EQG.2.DA.0,SSTRAND,4,0,0,0,0,1,0,0,0,0,4,0,8
SSTRAND.7EQG.2.DA.1,SSTRAND,17,0,0,0,0,0,0,0,0,0,0,0,0
TWOWAY.7EQG.5-5.3-4-0-0.CACGG-DCDCDG-DG-DT,TWOWAY,10,0,0,0,0,0,0,0,0,0,4,5,14
TWOWAY.7EQG.5-5.3-0-0-0-0-0.GAUGU-DA-DA-DC-DC-DT,TWOWAY,10,0,0,0,0,0,0,0,0,0,4,3,14
TWOWAY.7EQG.4-4.2-2-0-0.GCUU-DADA-DC-DG,TWOWAY,8,0,0,0,0,0,0,0,0,0,2,0,16
TWOWAY.7EQG.4-4.2-4-0.CGUC-DADCDG-DG,TWOWAY,8,0,0,0,0,0,0,0,0,0,2,1,14
HELIX.7YNC.3.AGG-CCU.0,HELIX,6,0,0,0,0,0,0,0,0,0,0,6,8
HELIX.7YNC.5.ACUUG-CAAGU.0,HELIX,10,0,0,0,0,0,0,0,0,0,0,4,6
HELIX.7YNC.3.ACA-UGU.0,HELIX,6,0,0,0,0,1,0,0,0,0,6,6,14
SSTRAND.7YNC.2.C-.0,SSTRAND,15,0,0,0,0,0,0,0,0,0,49,16,30
SSTRAND.7YNC.4.A-U-.0,SSTRAND,2,0,0,0,0,1,0,0,0,0,2,2,0
SSTRAND.7YNC.3.CAA.0,SSTRAND,3,0,0,0,0,0,0,0,0,0,2,2,0
TWOWAY.7YNC.1-1.GAA-UUC.0,TWOWAY,6,0,0,0,0,0,0,0,0,0,0,12,16
TWOWAY.7YNC.3-3.0--1-1.AA-G-UUC,TWOWAY,6,0,0,0,0,0,0,0,0,0,0,6,14
TWOWAY.4R4V.1-0.CAG-CG.0,TWOWAY,5,1,1,0,1,0,0,0,0,0,0,0,0
TWOWAY.4R4V.2-0.UAAG-CA.0,TWOWAY,6,1,1,0,1,0,0,0,0,0,0,0,0
SSTRAND.5ZQ0.2.GU.0,SSTRAND,8,0,0,0,0,0,0,0,0,0,24,12,12
SSTRAND.5ZQ0.3.SAH.0,SSTRAND,1,0,0,0,0,0,0,0,0,0,0,0,0
HELIX.6TB3.4.CCAG-CUGG.0,HELIX,8,0,1,1,1,4,0,0,0,0,12,8,12
HELIX.6TB3.3.GGA-UCC.0,HELIX,6,2,1,0,1,4,0,0,0,0,0,0,2
HELIX.6TB3.4.UAGU-AUUA.0,HELIX,8,0,3,1,0,2,2,0,0,0,0,5,8
HELIX.6TB3.6.AUAUGC-GCGUAU.0,HELIX,12,0,2,1,2,3,0,0,1,0,0,8,6
HELIX.6TB3.3.GCA-UGC.0,HELIX,6,0,1,0,0,0,0,2,0,0,1,0,6
HELIX.6TB3.3.GAG-CUC.0,HELIX,6,0,0,0,0,1,0,0,0,0,0,2,8
HELIX.6TB3.3.CAG-CUG.0,HELIX,6,1,0,0,0,0,0,0,0,0,0,2,2
HELIX.6TB3.3.UGA-UCA.0,HELIX,6,0,0,0,0,0,0,0,0,0,4,2,4
HELIX.6TB3.3.UGG-CUA.0,HELIX,6,0,0,0,0,0,0,0,0,0,4,14,12
HELIX.6TB3.6.UUAUUA-UAAUAA.0,HELIX,12,0,0,0,0,0,0,0,0,0,6,8,6
HELIX.6TB3.4.UCGC-GCGA.0,HELIX,8,1,1,0,1,2,0,0,0,0,2,0,8
HELIX.6TB3.3.CCU-GGG.0,HELIX,6,0,0,0,0,0,0,0,0,0,0,4,0
HELIX.6TB3.3.ACU-GGU.0,HELIX,6,0,0,0,0,0,0,0,0,0,2,2,4
HELIX.6TB3.8.AUGGUAGG-CCUACCAU.0,HELIX,16,0,0,0,0,0,0,0,0,0,0,20,24
HELIX.6TB3.3.CGG-CCG.0,HELIX,6,0,0,0,0,0,0,0,0,0,0,0,8
HELIX.6TB3.4.GAAU-GUUC.0,HELIX,8,0,3,0,0,3,2,0,1,0,0,2,13
HELIX.6TB3.3.AGC-GCU.1,HELIX,6,0,0,0,3,3,0,0,0,0,0,17,12
HELIX.6TB3.3.ACC-GGU.0,HELIX,6,1,0,0,1,0,0,0,0,0,0,0,0
HELIX.6TB3.3.CCU-AGG.0,HELIX,6,0,0,0,0,0,0,0,0,0,0,2,4
HELIX.6TB3.5.UUGGA-UCCAA.0,HELIX,10,0,2,0,1,2,0,0,0,0,0,2,10
HELIX.6TB3.4.CUGG-CCAG.0,HELIX,8,0,0,0,0,0,0,0,0,0,0,2,0
HELIX.6TB3.3.CUG-CAG.0,HELIX,6,0,0,0,0,0,0,0,0,0,2,0,8
HELIX.6TB3.3.GUU-AAU.0,HELIX,6,0,2,0,2,3,1,0,0,0,4,2,16
HELIX.6TB3.5.UCUGG-CCAGG.0,HELIX,10,2,1,0,0,0,1,0,0,0,0,0,0
HELIX.6TB3.3.GGC-GCU.1,HELIX,6,0,0,0,0,0,0,0,0,0,8,0,0
HELIX.6TB3.3.GGG-UUC.0,HELIX,6,0,0,0,0,0,0,0,0,0,3,4,9
HELIX.6TB3.3.AGU-ACU.1,HELIX,6,0,0,0,0,0,0,0,0,0,4,4,12
HELIX.6TB3.6.UUCAAU-AUUGAA.0,HELIX,12,1,0,0,0,0,1,0,0,0,0,2,6
HELIX.6TB3.6.CUUAAC-GUUAGG.0,HELIX,12,3,0,0,2,1,0,0,0,0,0,2,6
HELIX.6TB3.4.CGUC-GAUG.0,HELIX,8,2,3,0,0,5,0,0,0,0,3,6,10
HELIX.6TB3.3.GCC-GGU.0,HELIX,6,0,2,2,3,6,2,0,1,0,4,7,14
HELIX.6TB3.3.AGG-CCU.0,HELIX,6,0,0,1,0,0,0,0,0,0,0,5,0
HELIX.6TB3.8.UCGGGUGG-CCACUCGG.0,HELIX,16,0,2,0,1,1,1,0,1,0,0,5,23
HELIX.6TB3.3.GUU-GAC.0,HELIX,6,0,0,0,0,0,0,0,0,0,0,0,2
HELIX.6TB3.3.GGG-CUU.0,HELIX,6,5,0,0,3,2,0,0,0,0,2,0,7
HELIX.6TB3.4.GGUC-GGCU.0,HELIX,8,0,2,0,0,1,0,1,0,0,0,0,8
HELIX.6TB3.3.ACG-UGU.0,HELIX,6,2,2,1,3,1,1,0,1,0,2,0,4
HELIX.6TB3.7.AAGGGCA-UGCCCUU.0,HELIX,14,0,0,0,0,2,0,0,0,0,2,2,5
HELIX.6TB3.5.GGAGU-AUUCC.0,HELIX,10,0,0,1,0,0,1,0,0,0,0,15,2
HELIX.6TB3.3.AGC-GCU.0,HELIX,6,0,1,0,0,0,0,0,0,0,0,2,3
HELIX.6TB3.4.UGCG-CGCG.0,HELIX,8,1,1,0,1,1,1,1,0,0,5,5,4
HELIX.6TB3.5.CCAGG-UCUGG.0,HELIX,10,1,0,0,1,0,0,0,0,0,8,7,8
HELIX.6TB3.5.CACAA-UUGUG.0,HELIX,10,0,0,0,0,0,0,0,0,0,0,0,2
HELIX.6TB3.3.GCC-GGU.1,HELIX,6,0,0,0,0,0,0,0,0,0,4,8,5
HELIX.6TB3.3.GUU-AAC.0,HELIX,6,0,0,0,0,0,0,0,0,0,0,2,2
HELIX.6TB3.3.GGA-UUU.0,HELIX,6,0,0,0,0,0,0,0,0,0,0,2,4
HELIX.6TB3.5.CCUUA-UGAGG.0,HELIX,10,0,0,0,0,0,0,0,0,0,2,9,2
HELIX.6TB3.4.CUAA-UUAG.0,HELIX,8,0,0,0,0,0,0,0,0,0,2,2,6
HELIX.6TB3.5.AGUGG-CCACU.0,HELIX,10,0,0,0,0,0,0,0,0,0,1,4,0
HELIX.6TB3.6.GCUAGC-GCUGGU.0,HELIX,12,0,0,0,0,0,0,0,0,0,2,10,10
HELIX.6TB3.6.AUCGGU-GCCGAU.0,HELIX,12,0,0,0,0,0,0,0,0,0,2,2,10
HELIX.6TB3.7.GACGGAG-CUCCGUC.0,HELIX,14,0,0,0,0,0,0,0,0,0,16,13,37
HELIX.6TB3.4.GGCC-GGUC.0,HELIX,8,0,0,0,0,0,0,0,0,0,0,0,11
HELIX.6TB3.6.AGAGCA-UGCUCU.0,HELIX,12,1,0,0,1,1,0,0,0,0,4,10,39
HELIX.6TB3.8.AGCGCAAG-CUUGCGUU.0,HELIX,16,3,8,0,0,9,0,0,0,0,0,12,19
HELIX.6TB3.4.UAGU-ACUA.0,HELIX,8,0,0,0,0,0,0,0,0,0,0,0,4
HELIX.6TB3.3.AGU-ACU.0,HELIX,6,0,0,0,0,0,1,0,0,0,0,0,0
HELIX.6TB3.9.UUCCGUAGG-CCUGCGGAA.0,HELIX,18,5,10,2,9,12,2,1,4,0,18,8,59
HELIX.6TB3.3.AUG-CAU.1,HELIX,6,0,0,3,0,0,1,0,0,0,0,0,0
HELIX.6TB3.5.CAGGG-CCCUG.0,HELIX,10,1,1,0,1,3,1,0,0,0,3,6,4
HELIX.6TB3.2.GG-CC.5,HELIX,4,0,0,0,0,0,0,0,1,0,2,2,4
HELIX.6TB3.6.CAGGUA-UGCCUG.0,HELIX,12,0,0,0,0,0,0,0,0,0,3,16,20
HELIX.6TB3.4.CCGC-GCGG.0,HELIX,8,0,0,0,1,0,0,0,0,0,4,12,24
HELIX.6TB3.4.GGCA-UGCC.1,HELIX,8,1,1,0,1,3,0,0,0,0,0,6,9
HELIX.6TB3.3.GCU-AGC.0,HELIX,6,0,0,0,0,0,0,0,0,0,0,2,2
HELIX.6TB3.6.GGUACC-GGUGCC.0,HELIX,12,0,0,0,0,0,0,0,0,0,0,0,4
HELIX.6TB3.8.UCCUUGUC-GGCGAGGA.0,HELIX,16,0,0,0,0,0,0,0,0,0,0,2,2
HELIX.6TB3.2.GU-AU.0,HELIX,4,0,0,0,1,1,0,0,0,0,0,0,0
HELIX.6TB3.3.GGG-CCC.0,HELIX,6,0,0,0,0,0,0,0,0,0,0,0,4
HELIX.6TB3.7.GAGUUGU-GCAGCUC.0,HELIX,14,0,1,0,0,1,1,0,0,0,2,21,31
HELIX.6TB3.5.GGGUG-CAUCU.0,HELIX,10,2,7,0,1,4,0,1,0,0,9,9,18
HELIX.6TB3.7.GCGAGAG-UUCUCGC.0,HELIX,14,1,1,0,0,0,0,0,0,0,4,4,8
HELIX.6TB3.4.CUUU-AGAG.0,HELIX,8,0,0,0,0,0,0,0,0,0,6,8,1
HELIX.6TB3.5.GGCAU-AUGCC.0,HELIX,10,0,0,0,0,0,0,0,0,0,6,16,14
HELIX.6TB3.5.UGAUC-GGUUA.0,HELIX,10,0,0,1,0,0,0,0,0,0,0,2,10
HELIX.6TB3.8.GCCAGCAU-AUGCUGGC.0,HELIX,16,3,0,0,2,0,0,0,0,0,8,15,21
HELIX.6TB3.10.CAGUUUUGGU-GCUGGGACUG.0,HELIX,20,0,0,0,0,3,0,0,0,0,4,7,18
HELIX.6TB3.5.GGCAG-CUGCC.0,HELIX,10,0,0,0,0,0,0,0,0,0,5,8,12
HELIX.6TB3.7.CCAUAGG-CCUGUGG.0,HELIX,14,0,0,0,0,0,0,0,0,0,0,0,11
HELIX.6TB3.3.GAC-GUC.0,HELIX,6,0,0,0,0,0,0,0,0,0,2,3,0
HELIX.6TB3.4.CCGU-ACGG.0,HELIX,8,1,0,0,0,1,1,1,1,0,0,0,8
HELIX.6TB3.6.CUUGGU-ACCAAG.0,HELIX,12,2,2,0,1,3,0,0,0,0,4,14,13
HELIX.6TB3.6.CUAACG-UGUUGG.0,HELIX,12,0,0,0,0,0,0,0,0,0,4,2,12
HELIX.6TB3.6.CUAUGC-GCAUAG.0,HELIX,12,0,2,0,1,1,0,0,0,0,5,7,16
HELIX.6TB3.3.GUG-CGC.0,HELIX,6,0,2,0,1,1,0,0,0,0,2,3,2
HELIX.6TB3.3.GGG-CCC.1,HELIX,6,0,0,0,0,0,0,0,0,0,0,4,23
HELIX.6TB3.5.GGUUG-CAAUC.0,HELIX,10,0,0,0,0,0,0,0,0,0,0,9,6
HELIX.6TB3.5.GCCUC-GAGGU.0,HELIX,10,0,0,0,0,0,0,0,0,0,0,4,2
HELIX.6TB3.3.CGA-UUG.1,HELIX,6,0,3,0,2,1,1,0,1,0,0,2,4
HELIX.6TB3.6.GAUGGU-ACCAUC.0,HELIX,12,2,4,0,1,7,0,0,0,0,2,11,11
HELIX.6TB3.9.AUGCCUGAA-UUUGGGUAU.0,HELIX,18,3,3,0,5,9,2,1,1,0,6,5,22
HELIX.6TB3.3.GGG-CUC.0,HELIX,6,0,0,0,0,0,0,0,0,0,0,2,2
HELIX.6TB3.7.GCCAGAG-CUCUGGU.0,HELIX,14,0,0,0,0,0,1,0,0,0,5,8,2
HELIX.6TB3.6.GGCAGG-CCUGCC.0,HELIX,12,0,0,0,4,2,0,0,0,0,5,6,29
HELIX.6TB3.3.UCC-GGA.1,HELIX,6,0,0,0,0,0,0,0,0,0,2,2,0
HELIX.6TB3.8.GAGCUUUU-AGAAGCUC.0,HELIX,16,0,1,0,2,4,0,0,0,0,2,10,34
HELIX.6TB3.5.UGUAA-UUAUG.0,HELIX,10,0,0,0,0,0,0,0,0,0,5,4,8
HELIX.6TB3.3.UGA-UCA.1,HELIX,6,0,0,0,0,0,0,0,0,0,0,0,2
HELIX.6TB3.4.UGUU-AACG.0,HELIX,8,0,0,0,0,0,0,0,0,0,2,4,4
HELIX.6TB3.4.GCCA-UGGC.0,HELIX,8,2,0,0,3,2,0,0,0,0,6,0,12
HELIX.6TB3.5.UUUUG-CAGAA.0,HELIX,10,1,0,0,2,3,0,0,0,0,0,4,21
HELIX.6TB3.3.CGG-CCG.1,HELIX,6,1,1,0,3,3,0,0,0,0,0,6,13
HELIX.6TB3.7.GUAGAGU-ACUCUAC.0,HELIX,14,0,1,1,0,4,1,0,0,0,8,16,25
HELIX.6TB3.3.GGU-ACC.0,HELIX,6,0,0,0,0,0,0,0,0,0,2,8,2
HELIX.6TB3.3.GCC-GGC.0,HELIX,6,0,1,0,0,2,0,0,0,0,2,2,0
HELIX.6TB3.6.ACACGC-GCGUGU.0,HELIX,12,0,0,0,0,0,0,0,0,0,4,6,8
HELIX.6TB3.3.AGG-CCU.1,HELIX,6,0,0,0,0,0,0,0,0,0,0,6,3
HELIX.6TB3.10.GUUAGUUCAU-AUGAACUAGC.0,HELIX,20,0,0,0,0,2,0,0,1,0,0,10,26
HELIX.6TB3.9.CGUCAGGGU-GCCCUGACG.0,HELIX,18,0,0,0,0,0,0,0,0,0,9,16,23
HELIX.6TB3.8.UGGAGGUC-GGCCUCUA.0,HELIX,16,1,1,0,0,1,0,0,0,0,7,23,32
HELIX.6TB3.4.GCCU-GGGU.0,HELIX,8,0,0,0,0,0,2,0,0,0,0,0,6
HELIX.6TB3.4.GACC-GGUC.0,HELIX,8,0,0,1,0,0,0,0,0,0,0,2,0
HELIX.6TB3.6.UUCAAA-UUUGAA.0,HELIX,12,0,0,0,0,0,0,0,0,0,1,20,17
HELIX.6TB3.4.GACU-AGUU.0,HELIX,8,0,0,0,0,0,0,0,3,0,4,0,10
HELIX.6TB3.4.GGGG-CUCC.1,HELIX,8,0,0,0,0,0,0,0,0,0,4,6,0
HELIX.6TB3.5.CCACG-CGUGG.0,HELIX,10,1,0,0,1,2,0,0,0,0,0,4,13
HELIX.6TB3.3.CGA-UCG.0,HELIX,6,1,0,0,1,0,1,0,0,0,0,0,4
HELIX.6TB3.3.GGG-UCC.0,HELIX,6,1,0,0,4,4,0,0,0,0,0,0,2
HELIX.6TB3.5.GGCCU-AGGCC.0,HELIX,10,0,0,0,0,1,1,0,0,0,2,2,4
HELIX.6TB3.5.UCCGG-CCGGA.0,HELIX,10,1,0,0,2,3,1,0,1,0,0,3,26
HELIX.6TB3.4.CUGG-CCAG.1,HELIX,8,0,0,0,0,0,0,0,0,0,0,0,0
HELIX.6TB3.4.UAUG-CAUG.0,HELIX,8,0,0,0,0,0,0,0,0,0,0,0,3
HELIX.6TB3.3.ACG-CGU.0,HELIX,6,0,0,0,0,0,0,0,0,0,3,0,2
HELIX.6TB3.6.UGUGGA-UCCACA.0,HELIX,12,0,0,0,0,0,0,0,1,0,2,16,14
HELIX.6TB3.4.GUCG-CGGC.0,HELIX,8,0,1,0,0,0,0,0,0,0,0,0,0
HELIX.6TB3.7.CGCGAGC-GCUUGUG.0,HELIX,14,0,0,0,0,2,0,0,0,0,2,2,2
HELIX.6TB3.4.CUGG-CCGG.0,HELIX,8,0,0,0,0,0,0,0,0,0,0,0,10
HELIX.6TB3.6.GAGGAG-UUCUUC.0,HELIX,12,0,0,0,0,1,0,0,0,0,5,2,31
HELIX.6TB3.5.CAGCU-GGCUG.0,HELIX,10,0,0,0,0,0,0,0,0,0,0,4,0
HELIX.6TB3.5.ACCCC-GGGGU.0,HELIX,10,1,4,0,1,2,0,0,0,0,4,12,16
HELIX.6TB3.3.UGG-CCG.0,HELIX,6,0,0,0,0,0,0,0,0,0,0,0,2
HELIX.6TB3.8.GGCCAGCA-UGCUGGCU.0,HELIX,16,0,0,0,0,1,0,0,0,0,5,2,16
HELIX.6TB3.4.AGGU-GCCU.0,HELIX,8,0,4,0,1,1,1,0,3,0,0,0,4
HELIX.6TB3.4.UAGA-UCUA.0,HELIX,8,0,0,0,0,0,0,0,0,0,0,4,9
HELIX.6TB3.7.GUAGAUA-UAUCUAC.0,HELIX,14,1,1,0,5,2,3,1,1,0,0,0,16
HELIX.6TB3.5.GAUCC-GGAUU.0,HELIX,10,0,0,0,0,1,0,0,0,0,0,2,6
HELIX.6TB3.6.UCUAAG-CUUAGA.0,HELIX,12,0,0,1,0,0,0,0,1,0,11,8,24
HELIX.6TB3.5.GGUCG-CGAUC.0,HELIX,10,0,0,0,0,0,0,0,0,0,0,0,7
HELIX.6TB3.7.GGGAAUC-GAUUCCC.0,HELIX,14,0,1,0,0,1,2,2,0,0,0,0,0
HELIX.6TB3.2.UG-CG.1,HELIX,4,1,0,0,0,1,0,1,2,0,0,0,0
HELIX.6TB3.2.GU-AC.8,HELIX,4,2,2,0,1,4,0,0,0,0,2,2,14
HELIX.6TB3.7.GCAUUGC-GCAAUGU.0,HELIX,14,4,3,0,2,1,2,0,0,0,4,34,58
HELIX.6TB3.4.GUCA-UGAU.0,HELIX,8,0,0,0,0,0,0,0,0,0,2,12,11
HELIX.6TB3.3.UUC-GGA.0,HELIX,6,2,0,0,1,1,0,0,0,0,0,4,2
HELIX.6TB3.3.GCC-GGC.1,HELIX,6,0,0,0,0,0,0,0,1,0,0,0,0
HELIX.6TB3.4.GCUC-GGGU.0,HELIX,8,0,0,0,0,0,0,0,0,0,3,10,12
HELIX.6TB3.4.UGAA-UUCA.0,HELIX,8,0,0,0,0,0,0,0,0,0,0,2,2
HELIX.6TB3.5.GGGAG-CUCUC.0,HELIX,10,0,3,0,3,2,1,0,0,0,0,0,2
HELIX.6TB3.5.GUCAU-GUGAC.0,HELIX,10,1,2,0,1,4,1,0,0,0,0,0,9
HELIX.6TB3.5.CCAAG-CUUGG.0,HELIX,10,2,4,1,1,3,0,0,1,0,4,4,0
HELIX.6TB3.5.AUCAG-CUGAU.0,HELIX,10,1,1,1,3,1,0,0,0,0,18,18,16
HELIX.6TB3.3.GGG-CCU.0,HELIX,6,2,1,0,0,1,0,0,0,0,0,0,0
HELIX.6TB3.4.CCUG-CAGG.0,HELIX,8,1,3,1,0,0,0,0,2,0,2,2,5
HELIX.6TB3.4.AGCU-AGUU.0,HELIX,8,4,2,2,3,3,3,0,1,0,2,6,9
HELIX.6TB3.5.ACUCU-GGAGU.0,HELIX,10,1,2,0,3,0,0,0,1,0,4,6,3
HELIX.6TB3.8.GUUUGACA-UGUCAGGU.0,HELIX,16,2,5,0,0,6,1,0,0,0,2,8,17
HELIX.6TB3.10.GUGAAGAGAC-GUUUCUUUAC.0,HELIX,20,0,0,0,0,0,0,0,0,0,0,4,0
HELIX.6TB3.4.UCAA-UUGA.0,HELIX,8,0,0,0,0,0,0,0,0,0,4,6,6
HELIX.6TB3.4.CGGA-UCCG.0,HELIX,8,0,0,0,0,0,0,0,0,0,0,0,2
HELIX.6TB3.6.GGUCCC-GGGGCU.0,HELIX,12,0,0,0,0,0,0,0,0,0,0,0,6
HELIX.6TB3.6.AUCUGU-GCAGAU.0,HELIX,12,3,2,0,2,3,0,0,0,0,0,4,2
HELIX.6TB3.7.GGGGGGC-GCCCCCU.0,HELIX,14,0,4,0,3,2,1,1,1,0,0,2,4
HELIX.6TB3.6.UGGAGA-UCUCCA.0,HELIX,12,0,0,1,0,1,0,0,0,0,4,8,10
HELIX.6TB3.3.AGG-CCU.2,HELIX,6,0,0,0,0,0,0,0,0,0,0,6,0
HELIX.6TB3.4.AUUU-GAAU.0,HELIX,8,0,0,0,0,0,0,0,0,0,2,8,10
HELIX.6TB3.3.CAU-GUG.0,HELIX,6,0,4,0,3,1,0,0,1,0,0,2,4
HELIX.6TB3.6.CUUUAG-CUAGAG.0,HELIX,12,0,0,0,0,0,0,0,0,0,4,11,24
HELIX.6TB3.4.CCUC-GAGG.0,HELIX,8,1,4,0,0,1,0,0,0,0,0,4,16
HELIX.6TB3.6.GGCAGU-AUUGCU.0,HELIX,12,3,3,1,0,1,1,0,1,0,2,0,10
HELIX.6TB3.3.GGC-GCU.2,HELIX,6,0,0,0,0,0,0,0,0,0,4,4,12
HELIX.6TB3.5.UUCCU-AGGGA.0,HELIX,10,2,2,0,1,5,1,1,0,0,0,0,4
HELIX.6TB3.6.ACCGAA-UUCGGU.0,HELIX,12,1,1,0,1,2,0,0,0,0,0,18,22
HELIX.6TB3.3.UGG-CCA.0,HELIX,6,1,1,0,0,1,0,0,0,0,0,0,8
HELIX.6TB3.4.GACC-GGUU.0,HELIX,8,0,0,0,0,2,0,0,2,0,0,0,0
HELIX.6TB3.3.GUC-GAC.1,HELIX,6,0,0,0,0,0,1,0,0,0,7,0,2
HELIX.6TB3.8.GUUACCGC-GCGGUGAU.0,HELIX,16,1,1,0,1,2,1,2,2,0,2,15,30
HELIX.6TB3.4.UAGU-GCUA.0,HELIX,8,0,0,0,0,0,0,0,0,0,2,1,16
HELIX.6TB3.5.UGAAC-GUUCA.0,HELIX,10,0,0,0,0,0,0,0,1,0,0,5,10
HELIX.6TB3.5.CGGAU-AUCCG.0,HELIX,10,0,0,0,0,0,0,0,0,0,0,10,13
HELIX.6TB3.4.UGGU-GCUA.0,HELIX,8,1,2,0,4,3,0,0,1,0,0,0,20
HELIX.6TB3.5.GCGGC-GCCGC.0,HELIX,10,0,3,2,1,2,1,0,1,0,2,7,9
HELIX.6TB3.5.UGUCU-AGGCA.0,HELIX,10,0,4,0,1,1,1,0,3,0,0,2,10
HELIX.6TB3.4.UGGC-GUCA.0,HELIX,8,0,0,0,0,0,0,0,0,0,3,11,9
HELIX.6TB3.6.CUCCAC-GUGGGG.0,HELIX,12,1,1,0,1,0,1,2,2,0,0,0,0
HELIX.6TB3.6.GGCGUC-GGCGUC.0,HELIX,12,0,0,0,0,0,0,0,0,0,0,2,12
HELIX.6TB3.6.GCUAGC-GCUGGC.0,HELIX,12,0,0,0,0,0,0,0,0,0,0,0,2
HELIX.6TB3.5.AAAUC-GAUUU.0,HELIX,10,0,0,0,0,2,0,0,0,0,2,2,21
HELIX.6TB3.5.ACAAC-GUUGU.0,HELIX,10,0,0,0,0,0,0,0,0,0,0,8,4
HELIX.6TB3.3.AUU-GAU.0,HELIX,6,0,3,0,1,2,0,0,1,0,0,2,10
HELIX.6TB3.4.GCAG-CUGC.0,HELIX,8,0,0,0,0,0,0,0,0,0,0,0,6
HELIX.6TB3.5.GUAGC-GUUAC.0,HELIX,10,0,0,0,0,0,0,0,1,0,2,0,2
HELIX.6TB3.6.UACCAG-CUGGUA.0,HELIX,12,0,0,0,2,0,0,0,1,0,2,2,14
HELIX.6TB3.3.GUU-AAC.3,HELIX,6,0,0,0,0,0,0,0,0,0,0,4,4
HELIX.6TB3.6.UCAGGU-GCCUGA.0,HELIX,12,0,0,0,0,0,0,0,0,0,0,2,4
HELIX.6TB3.3.CGC-GCG.0,HELIX,6,0,0,0,0,0,0,0,0,0,0,0,4
HELIX.6TB3.9.GCCCCUUGG-CCAGGGGGC.0,HELIX,18,1,1,0,0,0,0,0,0,0,0,12,24
HAIRPIN.6TB3.9.GAUCCUGC.0,HAIRPIN,11,6,1,0,7,5,0,0,0,0,8,10,15
HAIRPIN.6TB3.10.CAAUUUAUACAG.0,HAIRPIN,12,0,0,0,0,0,0,0,0,0,2,8,4
HAIRPIN.6TB3.5.GUAAUUC.0,HAIRPIN,7,1,1,0,0,0,0,0,0,0,10,12,10
HAIRPIN.6TB3.4.CCUUUG.0,HAIRPIN,6,0,0,0,0,0,0,0,0,0,4,0,0
HAIRPIN.6TB3.4.CUUCGG.0,HAIRPIN,6,1,0,0,0,0,0,0,0,0,0,0,0
HAIRPIN.6TB3.6.GAUGAUUC.0,HAIRPIN,8,1,0,0,1,0,0,0,0,0,8,9,4
HAIRPIN.6TB3.7.GAUAGUGGC.0,HAIRPIN,9,1,0,0,2,1,0,0,0,0,16,16,36
HAIRPIN.6TB3.4.UAAGGG.0,HAIRPIN,6,5,3,1,2,1,2,1,1,0,0,2,9
HAIRPIN.6TB3.10.CCUGAGAAACGG.0,HAIRPIN,12,2,0,0,3,1,0,6,1,0,1,26,30
HAIRPIN.6TB3.4.CCAAGG.0,HAIRPIN,6,1,1,0,0,0,0,0,0,0,2,2,0
HAIRPIN.6TB3.5.UAAUUCA.0,HAIRPIN,7,0,3,0,0,2,1,2,0,0,0,2,4
HAIRPIN.6TB3.11.AAUGUAAAUACCU.0,HAIRPIN,13,1,0,0,1,0,0,0,0,0,8,8,13
HAIRPIN.6TB3.7.UGUUCAAAG.0,HAIRPIN,9,0,1,0,1,1,0,0,0,0,2,15,30
HAIRPIN.6TB3.5.CGUAUUG.0,HAIRPIN,7,0,0,0,0,0,0,0,0,0,10,2,6
HAIRPIN.6TB3.8.AGGUGAAAUU.0,HAIRPIN,10,2,4,0,0,5,0,0,0,0,8,8,20
HAIRPIN.6TB3.4.CGAAAG.0,HAIRPIN,6,3,6,1,4,8,2,1,1,0,4,0,9
HAIRPIN.6TB3.9.CAGAUACC.0,HAIRPIN,11,3,5,2,1,8,1,0,1,0,4,8,14
HAIRPIN.6TB3.8.UUUUUUAAUG.0,HAIRPIN,10,0,0,0,0,0,0,0,0,0,0,4,2
HAIRPIN.6TB3.4.CGCAAG.0,HAIRPIN,6,4,3,0,5,3,1,1,0,0,0,0,9
HAIRPIN.6TB3.8.GACUCAACAC.0,HAIRPIN,10,1,1,0,3,3,1,1,0,0,4,21,19
HAIRPIN.6TB3.8.AUUGAGAGCU.0,HAIRPIN,10,4,0,0,3,0,0,0,1,0,3,2,8
HAIRPIN.6TB3.4.AGUGAU.0,HAIRPIN,6,2,2,0,3,7,1,0,0,0,2,16,14
HAIRPIN.6TB3.6.CUUAAUUG.0,HAIRPIN,8,3,1,0,2,4,0,2,0,0,4,2,16
HAIRPIN.6TB3.4.CAUUUG.0,HAIRPIN,6,0,0,0,0,0,0,0,0,0,2,6,4
HAIRPIN.6TB3.5.UUUCAAG.0,HAIRPIN,7,1,0,0,2,3,0,0,0,0,0,4,10
HAIRPIN.6TB3.4.CGAGAG.0,HAIRPIN,6,1,0,0,1,2,0,0,0,0,4,4,24
HAIRPIN.6TB3.10.AUUGUAAUUAUU.0,HAIRPIN,12,6,0,0,0,2,0,0,0,0,26,11,40
HAIRPIN.6TB3.7.GUCAUCAGC.0,HAIRPIN,9,4,1,0,2,2,0,0,1,0,2,6,33
HAIRPIN.6TB3.4.GUGAAC.0,HAIRPIN,6,3,4,0,1,6,1,0,1,0,6,12,10
HAIRPIN.6TB3.7.CAG.0,HAIRPIN,9,4,0,0,4,0,0,0,1,0,8,9,5
HAIRPIN.6TB3.7.GCUCAU.0,HAIRPIN,9,0,0,0,0,2,0,0,1,0,2,2,10
HAIRPIN.6TB3.7.GAUCG.0,HAIRPIN,9,4,0,0,4,0,0,0,1,0,4,4,4
HAIRPIN.6TB3.6.UAAGCAUA.0,HAIRPIN,8,6,3,1,6,4,2,0,1,0,8,14,25
HAIRPIN.6TB3.4.CAACCG.0,HAIRPIN,6,4,5,0,0,1,0,1,0,0,7,7,13
HAIRPIN.6TB3.5.CGGCGAG.0,HAIRPIN,7,4,0,0,5,4,0,0,2,0,14,5,24
HAIRPIN.6TB3.3.CUUCG.0,HAIRPIN,5,0,0,0,0,0,0,0,0,0,2,2,2
HAIRPIN.6TB3.6.UUGGAACA.0,HAIRPIN,8,4,2,0,2,2,1,0,1,0,4,0,6
HAIRPIN.6TB3.3.CAUAG.0,HAIRPIN,5,6,3,0,0,2,0,1,1,0,4,7,17
HAIRPIN.6TB3.7.GUGAGAAUC.0,HAIRPIN,9,4,2,0,1,2,0,0,1,0,8,3,16
HAIRPIN.6TB3.8.UUUGGGAAUG.0,HAIRPIN,10,2,2,0,1,2,0,1,0,0,17,17,33
HAIRPIN.6TB3.8.GGUAAAUUCC.0,HAIRPIN,10,0,0,0,1,5,0,0,0,0,0,2,8
HAIRPIN.6TB3.4.AGUGAU.1,HAIRPIN,6,2,3,0,0,4,0,0,0,0,4,28,14
HAIRPIN.6TB3.4.UGAAAA.0,HAIRPIN,6,0,0,0,0,0,0,0,0,0,4,2,0
HAIRPIN.6TB3.4.CGUAAG.1,HAIRPIN,6,0,0,0,0,0,0,0,0,0,0,0,2
HAIRPIN.6TB3.8.UCUUGAAACA.0,HAIRPIN,10,4,7,2,2,3,2,1,2,0,0,3,23
HAIRPIN.6TB3.7.GUGUAAAAC.0,HAIRPIN,9,1,1,0,0,0,0,0,0,0,13,2,18
HAIRPIN.6TB3.4.UGAAAG.1,HAIRPIN,6,1,6,0,3,2,1,0,1,0,3,7,12
HAIRPIN.6TB3.4.GGAAAC.0,HAIRPIN,6,3,0,0,2,0,0,0,0,0,0,0,2
HAIRPIN.6TB3.8.ACGUGCAAAU.0,HAIRPIN,10,1,1,2,0,2,0,2,0,0,10,9,12
HAIRPIN.6TB3.7.GCGAAAGAC.0,HAIRPIN,9,7,7,1,3,10,3,1,1,0,8,12,21
HAIRPIN.6TB3.4.CCUCAG.0,HAIRPIN,6,4,3,2,3,1,3,0,1,0,4,4,12
HAIRPIN.6TB3.5.CGAAAUG.0,HAIRPIN,7,0,0,0,0,1,0,0,0,0,2,4,0
HAIRPIN.6TB3.6.CUUAAUUG.1,HAIRPIN,8,0,0,0,0,0,0,0,0,0,0,8,8
HAIRPIN.6TB3.5.GGUAAGC.0,HAIRPIN,7,4,4,2,3,3,3,0,0,0,0,6,21
HAIRPIN.6TB3.6.GGAUGAAC.0,HAIRPIN,8,4,2,0,6,7,0,1,3,0,2,6,14
HAIRPIN.6TB3.9.CAUGGAAGUCG.0,HAIRPIN,11,2,4,4,0,4,0,0,0,0,0,0,0
HAIRPIN.6TB3.6.UGUAACAA.0,HAIRPIN,8,0,3,3,0,2,0,0,0,0,0,0,0
HAIRPIN.6TB3.9.UUGAUAUGAUG.0,HAIRPIN,11,0,0,0,0,0,0,0,0,0,4,8,16
HAIRPIN.6TB3.4.CGUAAG.0,HAIRPIN,6,1,1,0,3,2,0,0,0,0,6,6,32
HAIRPIN.6TB3.7.AUGAGAACU.0,HAIRPIN,9,4,0,2,0,1,1,0,1,0,0,6,10
HAIRPIN.6TB3.5.AGCAGUU.0,HAIRPIN,7,4,0,2,0,1,1,0,1,0,0,14,16
HAIRPIN.6TB3.4.GAAGCU.0,HAIRPIN,6,2,0,0,5,4,0,0,0,0,2,2,21
HAIRPIN.6TB3.5.AUUUUAU.0,HAIRPIN,7,0,0,0,0,0,0,0,0,0,6,0,0
HAIRPIN.6TB3.8.GUUAAGAUUC.0,HAIRPIN,10,2,1,0,2,3,0,1,1,0,7,6,27
HAIRPIN.6TB3.4.GGUAAC.0,HAIRPIN,6,1,4,0,1,3,0,0,0,0,7,10,24
HAIRPIN.6TB3.5.GUUUAUC.0,HAIRPIN,7,1,2,0,0,0,1,0,1,0,8,6,31
HAIRPIN.6TB3.4.ACCUUU.0,HAIRPIN,6,0,0,0,0,0,0,0,0,0,0,0,2
HAIRPIN.6TB3.3.CCGUG.0,HAIRPIN,5,0,0,0,0,0,0,0,0,0,12,4,15
HAIRPIN.6TB3.6.CGCAGCAG.0,HAIRPIN,8,2,1,1,0,1,0,1,0,0,6,12,8
HAIRPIN.6TB3.5.UGAACAG.0,HAIRPIN,7,1,0,0,3,5,0,0,1,0,4,2,12
HAIRPIN.6TB3.4.CUUCGG.1,HAIRPIN,6,0,1,0,0,0,0,0,0,0,1,6,6
HAIRPIN.6TB3.3.GGUAC.0,HAIRPIN,5,0,0,2,0,0,0,0,0,0,2,6,2
HAIRPIN.6TB3.9.UCUAAUUAAAA.0,HAIRPIN,11,6,4,1,4,5,0,2,2,0,0,6,7
HAIRPIN.6TB3.5.AGAAAGU.0,HAIRPIN,7,1,0,0,4,5,0,0,0,0,0,2,17
HAIRPIN.6TB3.4.AGAAAU.1,HAIRPIN,6,0,0,0,1,5,0,0,0,0,2,0,4
HAIRPIN.6TB3.9.GUAACUAUGAC.0,HAIRPIN,11,5,1,0,4,1,0,0,0,0,0,0,1
HAIRPIN.6TB3.7.UCUAAUUAG.0,HAIRPIN,9,3,2,0,1,7,1,0,0,0,0,2,14
HAIRPIN.6TB3.13.CAGCCAAGGGAACGG.0,HAIRPIN,15,5,2,0,0,4,0,1,1,0,2,5,8
HAIRPIN.6TB3.4.CAUUCG.1,HAIRPIN,6,0,0,0,0,0,0,0,0,0,0,1,2
HAIRPIN.6TB3.7.CUGGGGCGG.0,HAIRPIN,9,4,1,1,0,3,4,0,0,0,2,6,9
HAIRPIN.6TB3.20.GGCACAUCUGUUAAACGAUAAC.0,HAIRPIN,22,2,1,0,2,4,0,0,1,0,4,14,21
HAIRPIN.6TB3.11.UUAAACGAUAACG.0,HAIRPIN,13,6,1,1,5,5,4,0,0,0,2,10,37
HAIRPIN.6TB3.7.AACAGAAAU.0,HAIRPIN,9,0,0,0,0,0,0,0,0,0,10,5,8
HAIRPIN.6TB3.6.CAAAAGGG.0,HAIRPIN,8,0,0,0,0,1,0,0,1,0,0,0,8
HAIRPIN.6TB3.7.UUCAGUGUG.0,HAIRPIN,9,0,0,0,0,0,2,0,0,0,4,4,15
HAIRPIN.6TB3.4.UGAAAG.0,HAIRPIN,6,0,4,0,3,2,1,1,1,0,0,14,4
HAIRPIN.6TB3.7.CGGAAUUUG.0,HAIRPIN,9,0,0,0,1,5,0,0,0,0,0,2,6
HAIRPIN.6TB3.7.CGUUCAUAG.0,HAIRPIN,9,2,1,0,1,1,0,2,0,0,8,8,17
HAIRPIN.6TB3.6.AGCAGAAU.0,HAIRPIN,8,5,3,0,2,3,0,1,1,0,7,10,19
HAIRPIN.6TB3.5.UUGUUCA.0,HAIRPIN,7,2,0,0,0,3,0,0,0,0,0,0,4
HAIRPIN.6TB3.4.CGUGAG.0,HAIRPIN,6,3,0,1,4,3,1,0,1,0,3,0,5
HAIRPIN.6TB3.4.CGAGAG.1,HAIRPIN,6,3,1,0,0,1,0,0,0,0,0,2,2
HAIRPIN.6TB3.13.CUGAACGCCUCUAAG.0,HAIRPIN,15,0,0,0,1,1,0,0,0,0,6,19,21
HAIRPIN.6TB3.6.CGGAAAGG.0,HAIRPIN,8,0,0,0,0,0,0,0,0,0,4,6,12
HAIRPIN.6TB3.7.GUAUACGAC.0,HAIRPIN,9,1,0,0,3,1,0,0,0,0,17,18,24
HAIRPIN.6TB3.2.CUUG.2,HAIRPIN,4,0,0,0,0,0,0,0,0,0,0,2,0
HAIRPIN.6TB3.4.CGUCCG.0,HAIRPIN,6,0,0,0,0,0,0,0,0,0,8,4,0
HAIRPIN.6TB3.4.GGUGAC.0,HAIRPIN,6,0,0,0,0,0,0,0,0,0,2,8,0
HAIRPIN.6TB3.24.CGAAAUGCGAUACGUAAUGUGAAUUG.0,HAIRPIN,26,0,0,0,0,0,0,0,0,0,0,0,2
HAIRPIN.6TB3.5.CACAUUG.0,HAIRPIN,7,1,0,0,1,3,2,1,1,0,0,0,12
HAIRPIN.6TB3.4.GUAUUC.0,HAIRPIN,6,0,0,0,2,0,0,0,0,0,2,2,8
SSTRAND.6TB3.3.UAU.0,SSTRAND,3,0,0,1,0,1,0,0,0,0,4,8,4
SSTRAND.6TB3.2.AA.0,SSTRAND,2,0,0,1,0,1,0,0,0,0,0,2,2
SSTRAND.6TB3.6.UUGUUG.0,SSTRAND,6,13,1,0,2,0,0,1,1,0,7,6,17
SSTRAND.6TB3.1.A.0,SSTRAND,1,1,0,2,1,7,2,0,0,0,0,0,0
SSTRAND.6TB3.11.CUAACCUUGAG.0,SSTRAND,20,2,1,0,0,0,1,0,0,0,0,0,0
SSTRAND.6TB3.4.GAAA.0,SSTRAND,4,4,7,1,9,10,1,1,3,0,7,2,25
SSTRAND.6TB3.6.CAUAAA.0,SSTRAND,6,5,10,1,9,9,2,1,3,0,6,0,25
SSTRAND.6TB3.3.UAU.1,SSTRAND,3,0,0,0,0,1,0,0,0,0,0,1,6
SSTRAND.6TB3.1.G.0,SSTRAND,1,2,1,0,0,0,0,0,0,0,7,4,2
SSTRAND.6TB3.3.AAA.0,SSTRAND,3,3,0,0,4,3,0,0,0,0,0,0,2
SSTRAND.6TB3.1.U.0,SSTRAND,1,0,0,0,0,2,0,0,1,0,4,4,0
SSTRAND.6TB3.3.ACA.0,SSTRAND,3,1,1,0,1,2,0,0,1,0,6,8,0
SSTRAND.6TB3.2.GU.0,SSTRAND,2,3,3,2,4,4,0,1,2,0,1,6,10
SSTRAND.6TB3.7.GAUCAUU.0,SSTRAND,7,0,0,0,0,0,1,0,1,0,14,17,23
SSTRAND.6TB3.1.A.4,SSTRAND,1,1,1,0,0,2,0,0,0,0,0,0,0
SSTRAND.6TB3.1.U.3,SSTRAND,1,2,0,0,0,0,0,0,0,0,0,0,4
SSTRAND.6TB3.3.UAU.2,SSTRAND,3,5,3,0,1,2,0,1,0,0,0,0,4
SSTRAND.6TB3.1.A.1,SSTRAND,1,3,1,0,0,0,0,1,1,0,2,4,5
SSTRAND.6TB3.4.GUGU.0,SSTRAND,4,5,4,0,0,2,0,1,1,0,4,11,11
SSTRAND.6TB3.5.GGAAG.0,SSTRAND,5,1,2,2,1,1,0,0,0,0,4,2,6
SSTRAND.6TB3.8.UGUUUUGU.0,SSTRAND,14,0,0,0,0,0,0,2,0,0,0,0,0
SSTRAND.6TB3.3.GGU.0,SSTRAND,4,0,0,0,0,0,0,0,0,0,2,0,0
SSTRAND.6TB3.1.A.2,SSTRAND,1,3,2,0,3,0,1,2,1,0,4,0,2
SSTRAND.6TB3.1.U.1,SSTRAND,1,1,1,0,0,2,0,0,2,0,0,0,2
SSTRAND.6TB3.3.AUA.0,SSTRAND,3,5,4,0,2,5,0,3,1,0,6,7,22
SSTRAND.6TB3.1.G.1,SSTRAND,1,4,2,0,3,0,0,2,1,0,4,4,14
SSTRAND.6TB3.1.U.2,SSTRAND,1,1,0,0,0,0,1,0,0,0,1,8,4
SSTRAND.6TB3.4.UUAA.0,SSTRAND,4,2,2,0,2,0,2,0,1,0,3,10,0
SSTRAND.6TB3.4.CAGA.0,SSTRAND,4,3,1,1,2,0,0,0,0,0,0,0,6
SSTRAND.6TB3.2.UG.0,SSTRAND,2,1,0,0,4,1,0,0,1,0,0,0,5
SSTRAND.6TB3.2.UU.0,SSTRAND,2,3,0,0,2,0,1,0,0,0,0,2,2
SSTRAND.6TB3.4.GAAA.1,SSTRAND,4,3,4,0,1,0,2,0,0,0,9,6,9
SSTRAND.6TB3.4.GAAU.0,SSTRAND,4,6,1,0,2,0,0,1,0,0,0,0,0
SSTRAND.6TB3.7.UUCUUUG.0,SSTRAND,7,5,1,0,1,0,0,2,2,0,0,0,0
SSTRAND.6TB3.2.AU.0,SSTRAND,2,5,0,0,0,0,0,0,1,0,0,0,0
SSTRAND.6TB3.2.GU.1,SSTRAND,2,3,1,0,1,0,1,2,2,0,0,0,0
SSTRAND.6TB3.1.U.4,SSTRAND,1,0,1,0,1,1,0,0,0,0,2,2,3
SSTRAND.6TB3.3.AAA.1,SSTRAND,3,6,1,0,2,0,0,1,0,0,0,0,0
SSTRAND.6TB3.3.UUU.0,SSTRAND,3,2,0,0,0,0,0,0,0,0,0,0,4
NWAY.6TB3.2-8-4-2-2.GCGU-AGUGCAGAUC-GGAGUC-GGAC-GUUC.0,NWAY,28,2,1,0,6,4,2,3,3,0,23,23,69
NWAY.6TB3.1-4-3.UGA-UAAUAG-CAUUA.0,NWAY,14,0,0,0,2,2,0,0,0,0,4,12,38
NWAY.6TB3.4-0-0.CA-UG-UAU-AG-C.0,NWAY,10,0,0,0,0,0,0,0,0,0,14,2,16
NWAY.6TB3.0-4-4.UG-UGUCUG-CGAUAA.0,NWAY,14,3,0,1,2,0,0,0,0,0,7,4,12
NWAY.6TB3.1-4-7.AAC-GGACUA-UGGAAGUUU.0,NWAY,18,0,0,0,0,0,0,0,0,0,6,12,26
NWAY.6TB3.4-8-2.CAUUUG-CUUAGAUGUA-UCUG.0,NWAY,20,0,0,0,0,0,0,0,0,0,1,13,20
NWAY.6TB3.10-9-7.UCAAAGA-CGCGCAAAU-U-UA-UA-UAGUGAC-A-AA-G.0,NWAY,32,3,1,0,2,3,1,3,3,0,1,0,16
NWAY.6TB3.3-5-4.CUCAU-AGUAGAA-UAAAAG.0,NWAY,18,1,0,0,2,0,0,0,0,0,10,6,19
NWAY.6TB3.2-1-4.AGAG-CAG-UCGAAU.0,NWAY,13,0,1,0,0,0,0,0,0,0,10,12,34
NWAY.6TB3.1-3-3.CUA-UUACG-CAAAG.0,NWAY,13,0,0,0,0,0,0,0,0,0,4,2,6
NWAY.6TB3.4-4-4.UCUUAG-CGAGAC-GCAAUA.0,NWAY,18,0,1,1,0,3,1,2,0,0,9,9,8
NWAY.6TB3.1-9-3.GAC-GCUAAGGAGUG-CUCAC.0,NWAY,19,2,1,1,0,1,0,0,0,0,0,0,0
NWAY.6TB3.3-0-4.AGACG-CC-GAAAAU.0,NWAY,13,3,0,0,5,8,0,0,2,0,0,6,29
NWAY.6TB3.5-3-6.UGAACUA-UAGGG-UAAUCGAA.0,NWAY,20,6,8,3,3,8,3,1,1,0,11,33,23
NWAY.6TB3.3-5-0.AGAAG-CAUUUGA-UU.0,NWAY,14,0,0,0,0,1,0,0,0,0,15,7,18
NWAY.6TB3.5-1-2.UGAAGUG-CAA-UCUA.0,NWAY,14,0,0,0,1,0,0,0,1,0,13,3,13
NWAY.6TB3.2-5-1.GAAA-UGAUAAC-GUC.0,NWAY,14,2,2,0,4,1,0,0,0,0,6,19,11
NWAY.6TB3.0-7-6.U-AC-GAUACGUAA-UCGAAUC.0,NWAY,19,2,0,0,0,0,1,0,0,0,8,28,28
NWAY.6TB3.2-3-4.AUAG-CGUAG-UCGAAU.0,NWAY,15,2,3,0,2,6,0,1,3,0,0,0,16
NWAY.6TB3.2-7-3.AUCA-UAACUACUG-CAUUU.0,NWAY,18,1,0,1,0,2,0,2,0,0,18,21,28
NWAY.6TB3.6-3-7.GUCCAGAC-GGGUG-UUAGACGUU.0,NWAY,22,0,0,0,3,0,0,1,1,0,6,10,15
NWAY.6TB3.0-8-4.UC-GAGGACUGCG-CAAGGA.0,NWAY,18,0,1,1,0,1,1,0,0,0,27,30,37
NWAY.6TB3.2-4-6.AUUG-CUUAUU-AAGACAUU.0,NWAY,18,0,0,0,0,1,0,1,0,0,11,8,9
NWAY.6TB3.2-5-6.CCAG-CUAGUAA-UGAUUACG.0,NWAY,19,4,0,0,2,0,1,0,0,0,6,16,44
NWAY.6TB3.7-2-5.CAGACAUGG-CUGG-CAUAAUG.0,NWAY,20,0,0,0,0,0,0,2,0,0,1,8,16
NWAY.6TB3.4-8-4.AGAUGG-CGUUUCAAAG-CACCAU.0,NWAY,22,2,0,0,1,1,0,1,0,0,2,0,9
NWAY.6TB3.6-10-3.CUUAAUUU-GGGGAAACUCAC-GGCCG.0,NWAY,25,4,0,0,1,1,2,0,1,0,30,25,34
NWAY.6TB3.15-4-2.CGAUAGCGAACAAGUAC-GGAAAG-CUUG.0,NWAY,27,1,1,0,3,1,0,2,0,0,24,19,55
NWAY.6TB3.4-7-13.UAGAUG-CAUAGCAGG-CGAAUUGCAAUGUCA.0,NWAY,30,3,1,1,2,0,0,0,0,0,28,29,58
NWAY.6TB3.0-4-5-0.GG-CUUAAC-GGAAGAG-UC.0,NWAY,17,1,0,0,2,5,1,0,1,0,4,7,38
NWAY.6TB3.1-3-0-0-7-4.GUC-CAAAA-GG-GC-UAUCGAUCC-GGUGCC.0,NWAY,27,8,2,0,6,3,2,0,3,0,26,18,46
NWAY.6TB3.1-0-2-0.CGG-UG-GGUA-CC.0,NWAY,11,5,4,0,2,8,0,1,0,0,6,0,14
NWAY.6TB3.3-2-1-1.UAAUU-AUUC-GCU-AUG.0,NWAY,15,1,0,1,1,1,1,2,0,0,0,6,18
NWAY.6TB3.5-0-2-0.CAAAUAU-AG-UGAU-AG.0,NWAY,15,3,1,1,0,3,0,0,1,0,2,2,15
TWOWAY.6TB3.7-4.GUUAUCUUU-UGAUCA.0,TWOWAY,15,0,0,0,0,0,1,0,0,0,7,6,19
NWAY.6TB3.1-5-0-2.C-C-M-H-GAU-C-GC-GU----.0,NWAY,16,0,0,0,1,0,0,0,0,0,6,5,9
NWAY.6TB3.3-3-1-1.CUAAG-UUGAU-ACC-GUG.0,NWAY,16,1,0,0,1,0,0,0,0,0,4,7,13
NWAY.6TB3.7-1-3-0.AUUAAAUC-GCC-GUAAC-GG-C.0,NWAY,19,0,0,1,0,2,1,0,1,0,0,4,18
TWOWAY.6TB3.8-22.CAGCGAAAUG-GUGAAUUGCAGAAUUCCGUGAAUC.0,TWOWAY,34,2,1,0,0,1,1,0,0,0,17,18,38
NWAY.6TB3.4-0-5.AGAAAU-UC-GUUAAAA.0,NWAY,15,2,6,2,8,11,5,0,1,0,4,11,27
NWAY.6TB3.8-4-1.AGGGCAAGUC-CAGCCG-GCU.0,NWAY,19,1,1,1,2,3,0,0,1,0,12,6,18
NWAY.6TB3.1-3-5-2-6.GAG-CACAU-AAGGCAG-CAUG-CGAAUGGC.0,NWAY,27,6,4,2,1,3,3,10,1,0,2,23,60
NWAY.6TB3.2-3-7-1-4.CGAG-CGUAA-UGAACGUAG-CGA-UAAGAG.0,NWAY,27,1,5,0,3,3,1,0,2,0,23,19,41
NWAY.6TB3.0-1-8-0-0.UG-CAC-GGGAACGGGC-CC-GA.0,NWAY,19,9,10,2,3,7,0,1,1,0,6,8,9
NWAY.6TB3.6-1-5-1-5-1.AGAUAAAA-AUG-CUCUUUG-CAU-AUUUUGU-UCU.0,NWAY,31,1,0,1,0,0,0,0,0,0,0,4,4
NWAY.6TB3.2-4-3-0-4-6-2.UGGG-CGAUGC-GAACG-CC-GAGUAG-CGAAGUUU-AUAG.0,NWAY,35,5,3,1,10,16,2,1,3,0,16,44,85
NWAY.6TB3.3-6-1-3-2-1-2.GGUUC-GGUUAGUC-AUC-GGAAU-AACC-GGU-GUAC.0,NWAY,32,4,2,0,8,14,1,1,3,0,15,16,73
TWOWAY.6TB3.1-0.UCA-UA.0,TWOWAY,5,0,0,0,0,0,0,0,1,0,2,0,6
TWOWAY.6TB3.0-1.AG-CAU.0,TWOWAY,5,4,0,1,1,0,0,2,1,0,0,0,0
TWOWAY.6TB3.2-2.AUCA-UGGU.0,TWOWAY,8,0,0,1,0,0,0,0,0,0,0,0,0
TWOWAY.6TB3.4-2.CCAAUC-GGAG.0,TWOWAY,10,0,1,0,0,1,1,4,1,0,0,10,30
TWOWAY.6TB3.2-2.UACA-UUAA.0,TWOWAY,8,0,0,0,0,0,0,0,0,0,4,4,6
TWOWAY.6TB3.1-0.GUG-CC.0,TWOWAY,5,0,0,0,0,0,0,0,0,0,2,2,7
TWOWAY.6TB3.0-1.GA-UAC.0,TWOWAY,5,1,3,0,2,1,1,0,0,0,2,0,0
TWOWAY.6TB3.1-0.GGA-UU.0,TWOWAY,5,4,2,3,4,1,1,1,1,0,2,3,2
TWOWAY.6TB3.0-1.GG-CAC.0,TWOWAY,5,0,0,0,2,0,0,1,0,0,4,6,14
TWOWAY.6TB3.1-0.GUG-CC.1,TWOWAY,5,0,0,0,1,0,1,0,0,0,2,0,0
TWOWAY.6TB3.0-1.CG-CAG.0,TWOWAY,5,0,0,0,0,0,0,0,0,0,2,6,9
TWOWAY.6TB3.2-3.GACC-GCGUC.0,TWOWAY,9,0,0,1,0,0,0,0,0,0,8,4,12
TWOWAY.6TB3.1-0.AUC-GU.0,TWOWAY,5,1,1,0,0,1,1,0,0,0,4,8,7
TWOWAY.6TB3.1-0.GUU-AC.0,TWOWAY,5,0,0,0,0,0,0,0,0,0,0,1,6
TWOWAY.6TB3.1-0.GAC-GU.0,TWOWAY,5,1,1,0,2,1,0,2,0,0,8,18,23
TWOWAY.6TB3.0-1.UG-CAG.0,TWOWAY,5,0,0,0,0,0,0,0,0,0,3,6,6
TWOWAY.6TB3.0-1.CC-GAG.0,TWOWAY,5,1,3,0,3,3,0,0,2,0,5,9,14
TWOWAY.6TB3.0-1.AU-AUU.0,TWOWAY,5,3,3,0,2,3,0,0,1,0,0,3,9
TWOWAY.6TB3.4-5.GUGAAG-UGGAGGC.0,TWOWAY,13,3,3,0,1,2,0,2,3,0,16,11,29
TWOWAY.6TB3.1-0.CUG-CG.0,TWOWAY,5,0,1,1,0,0,1,0,1,0,4,0,4
TWOWAY.6TB3.1-0.UAG-CA.0,TWOWAY,5,1,1,0,3,6,0,0,0,0,0,2,19
TWOWAY.6TB3.0-1.AU-AGU.0,TWOWAY,5,0,0,1,0,1,0,0,0,0,2,9,8
TWOWAY.6TB3.7-6.UUUAAAUAU-GAGGUAAA.0,TWOWAY,17,3,1,0,5,6,0,0,0,0,6,15,19
TWOWAY.6TB3.1-0.UAC-GA.0,TWOWAY,5,0,0,0,0,0,0,0,0,0,2,4,4
TWOWAY.6TB3.1-0.GUG-CC.2,TWOWAY,5,0,0,0,1,3,0,0,1,0,0,6,10
TWOWAY.6TB3.1-0.CAG-CG.0,TWOWAY,5,0,0,0,0,1,0,0,0,0,8,6,10
TWOWAY.6TB3.1-0.UAG-CG.0,TWOWAY,5,0,0,0,0,0,0,0,0,0,0,2,10
TWOWAY.6TB3.1-0.GAU-GC.0,TWOWAY,5,0,0,0,2,0,0,0,0,0,2,4,20
TWOWAY.6TB3.1-3.CCC-GUGCG.0,TWOWAY,8,0,1,1,0,0,0,0,0,0,3,4,10
TWOWAY.6TB3.0-1.CU-GAG.0,TWOWAY,5,1,0,0,2,0,0,1,0,0,0,0,0
TWOWAY.6TB3.5-2.CUGAAUG-CGCG.0,TWOWAY,11,0,0,0,0,0,0,0,1,0,0,0,2
TWOWAY.6TB3.1-0.GUU-AC.1,TWOWAY,5,0,2,1,2,4,2,0,0,0,0,0,6
TWOWAY.6TB3.6-6.CAUAGAGG-CUUUAUAG.0,TWOWAY,16,0,0,0,0,1,0,0,0,0,0,0,0
TWOWAY.6TB3.0-1.GG-CAC.1,TWOWAY,5,1,0,0,0,0,2,0,0,0,0,2,0
TWOWAY.6TB3.0-1.CG-CAG.1,TWOWAY,5,1,1,0,0,1,0,1,2,0,6,2,4
TWOWAY.6TB3.10-6.GAUACGAAUAAG-CGCUGAAC.0,TWOWAY,20,0,0,0,0,0,0,0,0,0,20,15,42
TWOWAY.6TB3.0-1.CC-GUG.1,TWOWAY,5,0,0,0,0,0,0,0,0,0,4,4,6
TWOWAY.6TB3.0-1.CG-UUG.0,TWOWAY,5,0,0,0,0,0,0,0,0,0,2,4,13
TWOWAY.6TB3.4-3.GUAGAG-CGAUC.0,TWOWAY,11,0,1,0,2,5,0,0,0,0,0,2,6
TWOWAY.6TB3.0-1.CU-AAG.0,TWOWAY,5,0,0,0,0,0,0,0,0,0,2,0,5
TWOWAY.6TB3.1-4.CCG-CUGUAG.0,TWOWAY,9,1,0,0,1,0,1,0,0,0,0,16,26
TWOWAY.6TB3.2-0.UCGU-AA.0,TWOWAY,6,2,2,0,3,1,0,0,0,0,8,6,16
TWOWAY.6TB3.0-2.AC-GAAU.0,TWOWAY,6,0,0,0,0,0,0,0,0,0,4,11,2
TWOWAY.6TB3.0-2.UU-AGUG.0,TWOWAY,6,0,0,0,0,0,0,0,0,0,0,2,0
TWOWAY.6TB3.0-2.GG-CAAC.0,TWOWAY,6,0,0,0,0,0,0,0,0,0,0,0,3
TWOWAY.6TB3.2-0.CCAG-CG.0,TWOWAY,6,4,2,0,3,2,0,0,0,0,0,6,8
TWOWAY.6TB3.0-2.UG-UAAA.0,TWOWAY,6,4,4,0,3,1,0,0,0,0,1,18,9
TWOWAY.6TB3.0-2.GA-UACC.0,TWOWAY,6,3,1,1,1,2,2,0,2,0,1,0,0
TWOWAY.6TB3.2-0.GUCC-GC.0,TWOWAY,6,1,1,0,0,0,0,0,0,0,0,4,8
TWOWAY.6TB3.2-6.CUCU-AACGUGAG.0,TWOWAY,12,5,5,0,2,0,0,3,0,0,6,10,26
NWAY.6TB3.5-6-5.UAUCAUA-UAAGCGUU-ACUAAUA.0,NWAY,22,3,3,2,2,4,2,0,1,0,2,3,6
TWOWAY.6TB3.0-2.CU-AUUG.0,TWOWAY,6,2,0,0,1,1,0,1,0,0,8,0,1
TWOWAY.6TB3.0-2.CC-GUUG.0,TWOWAY,6,0,0,0,0,0,0,0,0,0,2,2,0
TWOWAY.6TB3.4-0.UUUCGA-UG.0,TWOWAY,8,0,0,0,0,0,0,0,0,0,0,4,8
TWOWAY.6TB3.0-4.UG-UUUGUA.0,TWOWAY,8,0,0,0,0,0,0,0,0,0,0,0,1
TWOWAY.6TB3.3-3.0-1--1.GA-AAU-U,TWOWAY,6,1,2,0,2,9,1,0,1,0,6,11,10
TWOWAY.6TB3.1-1.UGU-AGA.0,TWOWAY,6,0,0,0,0,0,0,0,0,0,10,14,8
TWOWAY.6TB3.1-1.GGA-UAC.0,TWOWAY,6,0,0,2,2,7,0,1,0,0,0,8,10
TWOWAY.6TB3.1-1.GCU-AAC.0,TWOWAY,6,1,2,1,1,4,2,0,0,0,0,0,3
TWOWAY.6TB3.1-1.CGG-CGG.0,TWOWAY,6,0,0,0,0,0,0,0,0,0,0,2,2
TWOWAY.6TB3.1-1.UUU-AUG.0,TWOWAY,6,0,0,0,0,0,0,0,0,0,0,8,2
TWOWAY.6TB3.1-1.UUC-GGA.0,TWOWAY,6,0,0,0,0,0,0,0,0,0,0,2,0
TWOWAY.6TB3.1-1.GGU-GAC.0,TWOWAY,6,0,2,0,1,1,1,0,1,0,2,0,16
TWOWAY.6TB3.1-1.UAU-AGA.0,TWOWAY,6,1,0,0,0,0,1,0,1,0,4,6,10
TWOWAY.6TB3.5-8.UUGUCAG-CUUGGAUUUA.0,TWOWAY,17,0,0,0,0,0,0,0,1,0,19,14,19
TWOWAY.6TB3.1-1.CCU-GCG.0,TWOWAY,6,0,2,0,2,2,0,0,0,0,2,6,13
TWOWAY.6TB3.1-1.ACA-UUU.0,TWOWAY,6,3,0,0,0,0,1,0,0,0,8,6,3
TWOWAY.6TB3.1-1.UGG-CGA.0,TWOWAY,6,3,0,1,1,0,0,0,0,0,0,0,4
TWOWAY.6TB3.4-5.GUCGCU-AAAAGUC.0,TWOWAY,13,6,4,0,5,6,0,0,0,0,0,8,5
TWOWAY.6TB3.1-1.UAC-GAA.0,TWOWAY,6,0,0,0,0,2,0,0,0,0,0,0,4
TWOWAY.6TB3.1-1.UUA-UUG.0,TWOWAY,6,0,0,0,0,1,0,0,0,0,0,0,3
TWOWAY.6TB3.4-4.UGAGGC-GACAAA.0,TWOWAY,12,0,0,1,4,7,0,1,0,0,3,22,19
TWOWAY.6TB3.1-1.CUG-CCG.0,TWOWAY,6,0,0,0,0,1,1,0,0,0,2,0,6
TWOWAY.6TB3.1-1.UUU-AUA.0,TWOWAY,6,0,0,0,0,0,1,0,0,0,2,8,11
TWOWAY.6TB3.1-1.GUC-GCU.0,TWOWAY,6,0,1,0,0,3,0,0,0,0,0,0,17
TWOWAY.6TB3.5-8.CCGAAAG-CUAGUAGCUG.0,TWOWAY,17,8,9,2,6,12,4,1,2,0,8,16,40
TWOWAY.6TB3.4-4.AUUAGA-UAUUCU.0,TWOWAY,12,0,0,1,1,0,1,0,0,0,3,14,6
TWOWAY.6TB3.1-1.CUU-GUG.0,TWOWAY,6,0,0,0,0,0,0,0,0,0,0,5,2
TWOWAY.6TB3.1-1.AUU-ACU.0,TWOWAY,6,0,0,1,1,0,0,0,0,0,4,2,7
TWOWAY.6TB3.1-1.GGC-GAC.0,TWOWAY,6,1,3,0,0,1,0,0,1,0,2,4,15
TWOWAY.6TB3.1-1.AAG-CCU.0,TWOWAY,6,1,1,0,2,2,0,0,0,0,0,4,20
TWOWAY.6TB3.1-1.GCU-AAC.1,TWOWAY,6,0,1,0,2,3,0,0,0,0,4,2,8
TWOWAY.6TB3.1-1.GAU-ACC.0,TWOWAY,6,2,1,0,1,4,1,0,0,0,0,0,0
TWOWAY.6TB3.1-1.AUA-UUU.0,TWOWAY,6,0,0,0,0,0,0,0,0,0,0,0,2
TWOWAY.6TB3.2-1.CAUG-UGG.0,TWOWAY,7,0,0,0,0,0,0,0,0,0,8,0,2
TWOWAY.6TB3.1-2.GAC-GUUU.0,TWOWAY,7,0,0,0,0,0,0,0,0,0,7,13,14
TWOWAY.6TB3.2-1.CUAC-GAG.0,TWOWAY,7,0,0,0,0,0,0,0,0,0,0,4,10
TWOWAY.6TB3.4-6.CCGCCC-GUAACAAG.0,TWOWAY,14,6,8,4,7,7,4,2,3,0,4,6,6
TWOWAY.6TB3.5-4.CGAUUGA-UUAGAG.0,TWOWAY,13,1,3,0,1,5,1,0,0,0,0,4,10
TWOWAY.6TB3.2-1.GGUU-AUC.0,TWOWAY,7,1,0,0,3,0,0,0,0,0,0,0,0
TWOWAY.6TB3.1-2.UGA-UGCA.0,TWOWAY,7,0,0,0,0,0,0,0,0,0,0,2,6
TWOWAY.6TB3.2-1.GCGG-UAC.0,TWOWAY,7,2,2,1,1,2,1,1,0,0,9,12,10
TWOWAY.6TB3.1-2.GAA-UACC.0,TWOWAY,7,4,2,0,1,1,0,1,0,0,2,7,13
TWOWAY.6TB3.1-2.UAG-UGGG.0,TWOWAY,7,0,0,0,3,0,0,0,1,0,1,2,9
TWOWAY.6TB3.2-1.AGUG-CAU.0,TWOWAY,7,1,0,0,0,2,0,0,1,0,2,18,10
TWOWAY.6TB3.2-2.GUUA-UUUC.0,TWOWAY,8,1,2,0,0,1,0,0,0,0,4,2,16
TWOWAY.6TB3.2-2.CGAC-GAAG.0,TWOWAY,8,0,0,0,0,0,0,0,0,0,8,0,6
TWOWAY.6TB3.2-2.GGAU-GCAC.0,TWOWAY,8,0,0,0,0,1,0,2,0,0,6,4,6
TWOWAY.6TB3.5-7.UGCAUGG-UCUGUGAUG.0,TWOWAY,16,2,2,0,0,1,1,1,0,0,10,10,3
TWOWAY.6TB3.2-2.AAUA-UUCU.0,TWOWAY,8,0,0,0,0,0,0,0,0,0,2,4,13
TWOWAY.6TB3.1-3.GUG-UUAUC.0,TWOWAY,8,0,0,0,0,0,0,0,0,0,0,2,4
TWOWAY.6TB3.2-2.CUUG-CUUG.0,TWOWAY,8,0,0,0,1,3,0,0,0,0,0,6,8
TWOWAY.6TB3.6-6.CUCAGGAU-AGAAUUUG.0,TWOWAY,16,0,0,0,0,0,0,0,0,0,0,6,14
TWOWAY.6TB3.3-1.UUCCG-UGA.0,TWOWAY,8,0,0,1,0,1,0,0,0,0,2,6,6
TWOWAY.6TB3.1-3.GGA-UUUUC.0,TWOWAY,8,0,1,0,1,0,0,0,1,0,1,8,21
TWOWAY.6TB3.2-2.UUGA-UACA.0,TWOWAY,8,3,0,0,0,2,0,0,0,0,2,11,23
TWOWAY.6TB3.3-1.CAACG-UUG.0,TWOWAY,8,0,1,1,0,0,0,0,0,0,0,5,14
TWOWAY.6TB3.4-1.UCUAAG-CUG.0,TWOWAY,9,2,4,0,5,8,2,1,1,0,2,0,19
TWOWAY.6TB3.1-4.GGG-CGAUUC.0,TWOWAY,9,3,0,1,3,2,1,0,1,0,1,4,13
TWOWAY.6TB3.3-2.CGGGG-CAAG.0,TWOWAY,9,1,1,0,0,3,0,2,0,0,14,4,12
TWOWAY.6TB3.5-8.CGUAGUC-GGGAUCGAAG.0,TWOWAY,17,1,1,1,1,2,3,1,2,0,6,6,23
TWOWAY.6TB3.2-3.ACCA-UCCCU.0,TWOWAY,9,4,0,1,2,0,2,0,0,0,0,15,0
TWOWAY.6TB3.2-3.GGGG-UGCAC.0,TWOWAY,9,0,0,0,0,0,0,0,0,0,5,16,16
TWOWAY.6TB3.3-2.UAAUU-ACCA.0,TWOWAY,9,0,0,0,0,0,0,2,0,0,0,8,20
TWOWAY.6TB3.1-4.GUA-UUAAGC.0,TWOWAY,9,0,0,0,4,1,0,0,0,0,2,15,30
TWOWAY.6TB3.3-3.CGUAG-UCAAG.0,TWOWAY,10,3,2,2,5,6,4,0,2,0,7,8,20
TWOWAY.6TB3.1-5.CGA-UCUUUGG.0,TWOWAY,10,6,0,0,1,0,0,2,1,0,12,17,21
TWOWAY.6TB3.8-6.AUAAGGAUUG-CUUGAUUU.0,TWOWAY,18,0,0,0,0,0,1,0,0,0,9,16,18
TWOWAY.6TB3.3-3.GUUUG-CAUAC.0,TWOWAY,10,1,1,0,1,4,0,0,0,0,5,10,29
TWOWAY.6TB3.2-4.GAAG-CGUAUC.0,TWOWAY,10,0,0,0,0,0,0,0,0,0,11,12,14
TWOWAY.6TB3.6-4.3-2--1.CGAAU-AAAC-G,TWOWAY,10,2,2,2,1,1,1,0,0,0,0,8,16
TWOWAY.6TB3.3-3.UUAAG-CUAUA.0,TWOWAY,10,5,3,0,3,7,0,0,2,0,6,22,47
TWOWAY.6TB3.3-3.GUGGC-GAAUC.0,TWOWAY,10,0,5,2,0,1,0,0,0,0,0,0,0
TWOWAY.6TB3.4-2.GUCAAC-GGAC.0,TWOWAY,10,3,1,1,0,1,1,0,0,0,2,10,14
TWOWAY.6TB3.3-3.UCAAG-CGACA.0,TWOWAY,10,1,1,0,1,0,0,1,0,0,2,4,4
TWOWAY.6TB3.2-4.CAAU-AGAACG.0,TWOWAY,10,3,0,1,1,0,0,1,0,0,4,9,20
TWOWAY.6TB3.3-3.AUUAU-AGAAU.0,TWOWAY,10,2,2,1,3,6,1,0,0,0,0,8,6
TWOWAY.6TB3.3-3.UUCCC-GAUCA.0,TWOWAY,10,0,0,0,0,0,0,0,0,0,0,10,11
TWOWAY.6TB3.4-3.UAUAAG-UGAAA.0,TWOWAY,11,0,1,0,5,6,0,0,0,0,7,7,21
TWOWAY.6TB3.4-3.UUAUUU-AUUCA.0,TWOWAY,11,0,0,0,0,0,0,0,0,0,0,11,9
TWOWAY.6TB3.3-4.CUAAG-CGAAAG.0,TWOWAY,11,6,2,0,10,10,0,1,1,0,1,0,12
TWOWAY.6TB3.5-2.AAUAAUG-CUAU.0,TWOWAY,11,2,2,1,1,2,1,0,0,0,1,4,12
TWOWAY.6TB3.5-2.AUGAAGC-GGGU.0,TWOWAY,11,0,0,1,0,0,0,2,0,0,22,12,20
TWOWAY.6TB3.4-3.UUUUUG-CGAAG.0,TWOWAY,11,1,5,0,7,5,3,1,1,0,8,21,22
TWOWAY.6TB3.4-3.UGUAAG-CUGAG.0,TWOWAY,11,0,4,2,1,2,2,0,1,0,8,11,19
TWOWAY.6TB3.4-4.CUGAUG-CGGAUG.0,TWOWAY,12,0,0,0,0,0,0,0,0,0,0,9,8
TWOWAY.6TB3.4-5.UAUAAC-GCUAAUA.0,TWOWAY,13,2,1,0,4,9,1,0,1,0,6,6,20
TWOWAY.6TB3.5-4.GUCUAAC-GUAAUC.0,TWOWAY,13,0,0,0,2,2,0,0,0,0,2,2,16
TWOWAY.6TB3.6-3.UGACGAAG-UCGAA.0,TWOWAY,13,2,2,0,2,4,2,1,1,0,5,1,22
TWOWAY.6TB3.5-4.GUAGUAG-CGAAAC.0,TWOWAY,13,3,1,1,0,2,0,0,1,0,4,17,37
TWOWAY.6TB3.4-5.UUAUCA-UCUUAUG.0,TWOWAY,13,0,1,0,0,3,0,0,0,0,1,8,5
TWOWAY.6TB3.4-5.CGUAAC-GGAUAAG.0,TWOWAY,13,1,1,0,2,1,2,2,0,0,0,0,0
TWOWAY.6TB3.5-4.GAAAGCA-UUAAGC.0,TWOWAY,13,2,1,0,4,3,1,0,2,0,1,16,19
TWOWAY.6TB3.4-6.UAUCAA-UUUCAACG.0,TWOWAY,14,2,1,1,1,1,0,0,1,0,5,6,16
TWOWAY.6TB3.6-4.GGAGUAUG-UGAAAC.0,TWOWAY,14,2,0,0,1,2,0,0,0,0,0,4,16
TWOWAY.6TB3.7-3.UCUAGACAG-CCGAA.0,TWOWAY,14,0,0,0,0,1,0,0,0,0,2,0,0
TWOWAY.6TB3.5-5.CGGAAUU-GGAGAUG.0,TWOWAY,14,0,0,0,0,0,0,0,0,0,15,10,16
TWOWAY.6TB3.4-6.CGAUGG-UGUUGACG.0,TWOWAY,14,0,0,0,0,0,0,0,0,0,17,20,43
TWOWAY.6TB3.5-5.UCAAAGU-AACCAAG.0,TWOWAY,14,2,4,0,0,5,0,0,0,0,0,0,4
TWOWAY.6TB3.8-7.2-6-1.AGCG-CUUAGUAA-UGA,TWOWAY,15,2,2,0,1,6,0,1,0,0,10,10,43
TWOWAY.6TB3.6-5.CUUAGUAC-GGAACAG.0,TWOWAY,15,4,3,0,2,2,0,0,1,0,5,2,8
TWOWAY.6TB3.5-7.GUGCCAG-CGGUAAUUC.0,TWOWAY,16,3,2,0,1,0,0,0,1,0,17,17,12
TWOWAY.6TB3.7-5.GGAUAAAUC-GGAAUAC.0,TWOWAY,16,0,0,0,0,0,0,0,0,0,16,10,26
TWOWAY.6TB3.5-7.CGAAACU-ACCGAGUAG.0,TWOWAY,16,3,1,0,4,5,0,0,0,0,3,5,4
TWOWAY.6TB3.7-6.GAAAAAAUU-AUAUUAGC.0,TWOWAY,17,4,0,0,3,2,0,0,1,0,0,4,26
TWOWAY.6TB3.6-7.GCCAGCGA-UUGUGAAAC.0,TWOWAY,17,3,8,0,1,11,0,0,0,0,4,20,29
TWOWAY.6TB3.6-7.CUGAACUU-AUCAAUAAG.0,TWOWAY,17,2,3,0,4,8,0,1,1,0,11,16,46
TWOWAY.6TB3.6-7.GAAUGUAG-UAUUAUAGC.0,TWOWAY,17,0,0,0,0,0,0,0,0,0,2,4,17
SSTRAND.7BZF.2.C-.0,SSTRAND,1,0,0,0,0,0,0,0,0,0,6,4,0
HELIX.3IWN.2.CA-UG.0,HELIX,4,0,0,0,0,0,1,0,0,0,0,0,0
HELIX.3IWN.5.GCCUA-UAGGU.0,HELIX,10,1,1,0,1,2,0,0,0,0,0,0,0
HELIX.3IWN.4.CCUA-UAGG.0,HELIX,8,0,0,0,1,1,0,0,0,0,0,0,0
HAIRPIN.3IWN.4.CGAAAG.0,HAIRPIN,6,1,1,0,1,2,0,0,0,0,0,0,0
HAIRPIN.3IWN.10.CAUUGCACUCCG.0,HAIRPIN,12,0,0,0,0,0,0,0,0,0,28,6,4
HAIRPIN.3IWN.4.CGAAAG.1,HAIRPIN,6,0,0,0,1,3,0,0,0,0,0,0,0
HAIRPIN.3IWN.10.CAUUGCACUCCG.1,HAIRPIN,12,0,0,0,0,0,0,0,0,0,8,4,0
SSTRAND.3IWN.3.AAA.0,SSTRAND,3,2,2,0,3,2,0,2,0,0,0,0,0
SSTRAND.3IWN.2.GA.0,SSTRAND,2,2,2,0,1,1,0,2,0,0,0,0,0
SSTRAND.3IWN.1.G.0,SSTRAND,1,0,0,0,0,0,1,0,0,0,0,0,0
NWAY.3IWN.3-6-3.GG-CAAA-G-G-CACA-UUACC-G.0,NWAY,18,0,0,0,3,0,0,0,0,0,7,7,0
NWAY.3IWN.6-3-3.GCACAGGG-CAAAG-UUACC.0,NWAY,18,2,0,0,3,0,0,0,0,0,8,4,1
TWOWAY.3IWN.0-1.AC-GAU.0,TWOWAY,5,0,0,0,1,0,0,0,0,0,0,0,0
TWOWAY.3IWN.1-0.CUC-GG.0,TWOWAY,5,1,0,0,0,0,0,0,0,0,0,0,0
TWOWAY.3IWN.0-1.AC-GAU.1,TWOWAY,5,2,0,0,1,0,0,0,0,0,0,0,0
TWOWAY.3IWN.1-0.CUC-GG.1,TWOWAY,5,1,0,0,0,0,0,0,0,0,0,0,0
TWOWAY.3IWN.0-2.GG-UAGC.0,TWOWAY,6,3,0,0,4,1,0,0,0,0,0,1,0
TWOWAY.3IWN.2-0.AAAC-GU.0,TWOWAY,6,0,0,0,0,0,0,0,0,0,0,2,1
TWOWAY.3IWN.2-0.AAAC-GU.1,TWOWAY,6,0,0,0,0,0,0,0,0,0,0,2,6
TWOWAY.3IWN.1-1.AUU-AGU.0,TWOWAY,6,0,0,0,0,2,0,0,0,0,0,0,0
TWOWAY.3IWN.3-3.CAAAC-GGACG.0,TWOWAY,10,0,0,0,4,0,0,0,0,0,0,1,0
TWOWAY.3IWN.2-4.CGGC-GUAGCG.0,TWOWAY,10,1,0,0,2,2,0,0,0,0,0,0,0
HELIX.1S03.6.GCAUGA-UCAUGC.0,HELIX,12,0,0,0,0,0,0,0,0,0,0,0,4
HAIRPIN.1S03.6.AGGCAAUU.0,HAIRPIN,8,0,0,0,0,0,0,0,0,0,4,0,0
TWOWAY.1S03.0-1.CU-AUG.0,TWOWAY,5,0,0,0,0,1,0,0,0,0,0,0,0
TWOWAY.1S03.3-2.0-0--1.CG-CC-G,TWOWAY,5,0,0,0,0,1,0,0,0,0,0,2,2
TWOWAY.1S03.0-1.UG-CAA.0,TWOWAY,5,0,2,0,0,0,0,0,0,0,0,4,2
TWOWAY.1S03.2-0.AAAC-GU.0,TWOWAY,6,0,2,0,0,0,0,0,0,0,2,9,2
HELIX.4PLX.8.CCUGAGGC-GUCUCAGG.0,HELIX,16,0,0,0,0,1,0,0,0,0,0,0,0
HAIRPIN.4PLX.4.CGAAAG.0,HAIRPIN,6,1,4,0,1,1,1,0,0,0,0,0,0
HAIRPIN.4PLX.18.UGGCCUUUCUUAAAAAAAAA.0,HAIRPIN,20,0,0,0,0,0,0,0,0,0,0,1,0
SSTRAND.4PLX.3.GTP.0,SSTRAND,1,0,0,0,0,0,0,0,0,0,0,1,0
SSTRAND.4PLX.7.UUCUUUU.0,SSTRAND,10,1,0,0,4,0,1,0,0,0,2,1,0
SSTRAND.4PLX.7.UUCUUUU.1,SSTRAND,9,1,4,0,0,0,1,0,0,0,2,1,0
SSTRAND.4PLX.1.C.0,SSTRAND,8,1,1,0,2,3,0,0,0,0,1,0,0
SSTRAND.4PLX.1.G.0,SSTRAND,2,0,0,0,0,0,0,0,0,0,1,1,0
SSTRAND.4PLX.1.U.0,SSTRAND,7,1,0,0,2,3,0,0,0,0,0,0,0
NWAY.4PLX.3-0-0.UUGGC-G-AA-U.0,NWAY,9,1,1,0,1,1,0,0,0,0,0,0,0
NWAY.4PLX.4-1-0.UUGG-G-CC-G-AA-U.0,NWAY,11,1,0,0,2,3,0,0,0,0,0,1,0
TWOWAY.4PLX.1-1.GAA-UUU.0,TWOWAY,6,0,0,0,0,0,0,0,0,0,1,0,0
HELIX.5VPO.2.GG-CC.1,HELIX,4,0,0,1,1,0,2,0,2,0,0,0,0
HELIX.5VPO.3.UCC-GGA.0,HELIX,6,2,1,0,1,4,0,0,0,0,0,0,0
HELIX.5VPO.4.GGGU-ACCC.0,HELIX,8,0,2,1,1,3,1,0,0,0,0,0,7
HELIX.5VPO.5.AACGC-GCGUU.0,HELIX,10,0,1,0,2,3,0,0,0,0,5,2,26
HELIX.5VPO.3.GUU-GAC.0,HELIX,6,0,0,0,0,0,0,0,1,0,0,0,2
HELIX.5VPO.3.GCA-UGC.0,HELIX,6,1,1,0,1,0,0,0,0,0,0,0,0
HELIX.5VPO.3.GGC-GUC.0,HELIX,6,0,1,0,2,2,1,0,1,0,0,2,4
HELIX.5VPO.3.GUG-CAC.0,HELIX,6,1,1,0,0,1,0,0,0,0,0,0,0
HELIX.5VPO.8.GCGUGGGU-GCCCGCGU.0,HELIX,16,0,1,0,3,4,0,2,1,0,2,8,12
HELIX.5VPO.7.CCGGAAG-CUUCCGG.0,HELIX,14,0,0,0,0,0,0,0,0,0,0,2,0
HELIX.5VPO.5.GGGGG-CCCCC.0,HELIX,10,1,0,0,0,0,0,0,0,0,0,0,6
HELIX.5VPO.4.GGAC-GUCC.0,HELIX,8,0,0,0,0,0,0,0,0,0,2,0,0
HELIX.5VPO.4.GGGC-GCCC.0,HELIX,8,0,0,0,1,0,0,0,0,0,0,0,0
HELIX.5VPO.3.GCU-GGC.1,HELIX,6,0,0,0,0,0,0,0,0,0,0,4,6
HELIX.5VPO.8.UUGGUGGG-CCCACCAA.0,HELIX,16,0,0,0,0,0,0,0,0,0,1,8,10
HELIX.5VPO.4.GCCG-CGGC.0,HELIX,8,1,1,0,2,2,0,1,0,0,0,0,2
HELIX.5VPO.4.GUCU-GGAU.0,HELIX,8,0,1,0,1,2,1,1,1,0,0,0,6
HELIX.5VPO.5.GGGGC-GCCCC.0,HELIX,10,1,1,0,2,5,0,0,0,0,0,0,0
HELIX.5VPO.3.CCG-CGG.0,HELIX,6,0,1,0,0,2,0,0,0,0,0,0,0
HELIX.5VPO.4.GGGC-GCCU.0,HELIX,8,0,2,0,2,2,0,1,1,0,2,4,4
HELIX.5VPO.4.GGAG-CUCC.0,HELIX,8,0,0,0,0,0,0,0,0,0,0,8,6
HELIX.5VPO.4.GCCC-GGGU.0,HELIX,8,0,0,0,0,0,0,0,0,0,2,9,11
HELIX.5VPO.5.CCCGG-CCGGG.0,HELIX,10,0,0,0,0,0,0,0,0,0,0,0,4
HELIX.5VPO.5.GCGCC-GGCGC.0,HELIX,10,0,1,0,1,1,0,0,0,0,3,6,34
HELIX.5VPO.3.GGC-GCC.0,HELIX,6,0,0,0,1,0,0,0,0,0,0,0,0
HELIX.5VPO.5.CUCCG-CGGAG.0,HELIX,10,0,0,0,0,0,0,0,0,0,0,0,6
HELIX.5VPO.3.GGC-GCC.1,HELIX,6,0,0,0,0,0,1,0,0,0,8,0,4
HELIX.5VPO.4.GCGU-GCGC.0,HELIX,8,1,1,0,1,5,0,0,1,0,2,6,6
HELIX.5VPO.3.GGC-GCU.0,HELIX,6,0,1,0,1,1,0,0,0,0,0,2,4
HELIX.5VPO.7.GCCUGGG-CUCAGGC.0,HELIX,14,0,0,0,0,0,0,0,0,0,0,0,6
HELIX.5VPO.8.UCCCAUGU-GCGUGGGA.0,HELIX,16,0,0,0,1,2,0,1,1,0,2,7,2
HELIX.5VPO.6.CCACGG-CCGUGG.0,HELIX,12,0,0,0,0,0,0,0,0,0,0,5,14
HELIX.5VPO.3.ACG-CGU.0,HELIX,6,0,0,0,0,0,0,0,0,0,4,10,0
HELIX.5VPO.5.GUGGG-UCCAC.0,HELIX,10,0,0,0,0,0,1,0,0,0,0,0,7
HELIX.5VPO.7.GGGUGGU-GCCACCU.0,HELIX,14,0,0,0,0,0,0,0,0,0,7,9,16
HELIX.5VPO.6.UCCCGG-CCGGGA.0,HELIX,12,0,0,0,0,0,0,1,0,0,0,2,8
HELIX.5VPO.6.GCGUGG-CCACGC.0,HELIX,12,2,0,0,3,0,1,0,0,0,0,0,4
HELIX.5VPO.4.CCGG-CCGG.0,HELIX,8,2,6,0,0,5,0,0,0,0,2,4,6
HELIX.5VPO.6.GCGCGC-GCGCGC.0,HELIX,12,0,1,0,2,1,0,0,1,0,4,14,6
HELIX.5VPO.10.GGUCUCUGGG-CCUGGGGGCC.0,HELIX,20,2,0,0,0,1,1,2,2,0,0,2,9
HELIX.5VPO.3.GGG-CUC.0,HELIX,6,3,0,0,3,2,0,0,0,0,0,0,2
HELIX.5VPO.4.GGCC-GGCU.0,HELIX,8,0,0,0,0,0,0,0,0,0,0,0,0
HELIX.5VPO.2.CA-UG.0,HELIX,4,0,0,0,0,3,0,0,1,0,4,4,0
HELIX.5VPO.3.UGU-ACG.0,HELIX,6,1,0,1,2,1,3,0,2,0,0,0,0
HELIX.5VPO.7.CGGGCCU-GGGCCCG.0,HELIX,14,0,0,0,0,0,0,0,2,0,0,0,0
HELIX.5VPO.5.AUCGC-GCGGU.0,HELIX,10,0,0,0,0,0,0,0,0,0,2,10,6
HELIX.5VPO.8.CACGUGCU-AGCAUGUG.0,HELIX,16,1,1,2,4,8,2,3,1,0,14,14,24
HELIX.5VPO.2.AC-GU.0,HELIX,4,0,0,0,0,0,0,0,0,0,2,7,6
HELIX.5VPO.2.CG-CG.2,HELIX,4,0,0,0,1,0,0,0,0,0,0,7,6
HELIX.5VPO.7.GGCCUGG-CCAGGCC.0,HELIX,14,5,4,0,4,7,1,2,0,0,20,12,12
HELIX.5VPO.3.GCC-GGU.0,HELIX,6,0,0,0,0,0,0,0,0,0,0,4,6
HELIX.5VPO.6.GCUCGU-ACGAGC.0,HELIX,12,1,0,0,0,0,0,1,0,0,1,7,2
HELIX.5VPO.3.GGG-CCC.0,HELIX,6,1,1,0,3,3,0,0,0,0,0,0,0
HELIX.5VPO.4.CCCC-GGGG.0,HELIX,8,0,0,0,0,0,0,0,0,0,4,12,5
HELIX.5VPO.7.CCGUUAG-CUAACGG.0,HELIX,14,0,0,0,0,0,0,0,0,0,0,12,12
HELIX.5VPO.7.GCCCACU-GGUGGGC.0,HELIX,14,0,0,0,0,0,0,0,0,0,0,10,18
HELIX.5VPO.3.GCG-CGC.0,HELIX,6,0,1,0,0,1,1,0,1,0,0,0,0
HELIX.5VPO.7.UGGGGUC-GACCCCA.0,HELIX,14,1,3,0,0,6,0,0,0,0,10,8,36
HELIX.5VPO.7.AUCGCGG-CCGCGGU.0,HELIX,14,3,15,1,1,8,0,0,0,0,4,9,20
HELIX.5VPO.3.UGG-CUG.0,HELIX,6,0,0,0,0,2,0,0,0,0,0,0,0
HELIX.5VPO.13.GCGGGCUCUACCC-GGGUAGGGCCCGU.0,HELIX,26,0,0,0,1,1,0,1,0,0,0,2,2
HELIX.5VPO.4.CGCC-GGCG.1,HELIX,8,0,0,0,0,0,0,0,0,0,0,2,2
HELIX.5VPO.9.AGCUGUACC-GGUGCGGCU.0,HELIX,18,4,7,2,6,15,3,2,4,0,0,4,6
HELIX.5VPO.3.UCU-AGA.0,HELIX,6,0,0,0,0,2,0,0,0,0,0,0,4
HELIX.5VPO.10.GGGCCCACGG-CCGUGGGCUU.0,HELIX,20,0,3,2,4,2,1,1,1,0,2,8,12
HELIX.5VPO.3.UCC-GGA.1,HELIX,6,2,1,0,1,2,0,2,0,0,0,2,0
HELIX.5VPO.3.CGU-GCG.0,HELIX,6,0,0,0,0,0,0,0,0,0,0,0,6
HELIX.5VPO.6.CCCUGG-CCAGGG.0,HELIX,12,2,1,0,2,4,0,0,2,0,0,5,4
HELIX.5VPO.3.GCC-GGC.6,HELIX,6,0,0,0,0,0,0,0,0,0,2,0,2
HELIX.5VPO.3.GGG-CCC.1,HELIX,6,0,0,0,0,0,0,0,1,0,0,0,2
HELIX.5VPO.5.CUGGG-CCCAG.0,HELIX,10,1,0,0,2,4,0,0,0,0,0,6,10
HELIX.5VPO.5.UCCCU-GGGGA.0,HELIX,10,1,2,0,3,9,0,0,0,0,0,0,4
HELIX.5VPO.3.GGG-CCC.2,HELIX,6,1,6,0,0,3,2,1,1,0,0,0,0
HELIX.5VPO.4.GCCU-AGGU.0,HELIX,8,0,0,0,0,2,0,0,2,0,0,0,0
HELIX.5VPO.3.GCC-GGC.5,HELIX,6,0,0,0,0,0,0,0,0,0,0,0,4
HELIX.5VPO.5.GCUGU-GCAGC.0,HELIX,10,0,0,0,0,0,0,0,0,0,0,0,6
HELIX.5VPO.3.GGG-CCC.4,HELIX,6,0,0,0,0,0,0,0,0,0,0,2,0
HELIX.5VPO.9.CCCCGUGGU-GCCAUGGGG.0,HELIX,18,2,2,0,0,1,1,1,0,0,2,4,12
HELIX.5VPO.5.GGGCG-CGCCU.0,HELIX,10,2,4,0,1,4,0,1,1,0,0,0,0
HELIX.5VPO.4.CCCC-GGGG.2,HELIX,8,0,0,0,0,0,0,0,0,0,5,15,2
HELIX.5VPO.6.GCCGGC-GCCGGC.0,HELIX,12,4,2,0,1,7,0,0,0,0,2,8,20
HELIX.5VPO.13.CACGGUCGUGGGC-GUCCGCGGCCGUG.0,HELIX,26,0,7,0,1,4,1,0,0,0,5,15,20
HELIX.5VPO.3.GCU-GGC.3,HELIX,6,0,2,0,1,2,0,0,0,0,0,0,2
HELIX.5VPO.4.GUCC-GGGC.0,HELIX,8,0,2,0,3,1,1,1,0,0,3,0,7
HELIX.5VPO.6.CCGGGC-GCCCGG.0,HELIX,12,2,3,0,1,9,0,0,0,0,4,12,14
HELIX.5VPO.9.AGCCCUGGC-GCUGGGGCU.0,HELIX,18,4,0,0,4,8,1,0,1,0,9,12,13
HELIX.5VPO.3.GGG-CCC.5,HELIX,6,0,1,0,1,0,0,1,0,0,0,0,0
HELIX.5VPO.3.CCG-CGG.1,HELIX,6,0,0,0,0,1,0,0,0,0,0,0,0
HELIX.5VPO.4.GGGG-CCCC.1,HELIX,8,0,0,0,4,0,1,0,0,0,0,0,0
HELIX.5VPO.3.AGU-GCU.0,HELIX,6,1,0,0,2,0,0,0,0,0,0,2,6
HELIX.5VPO.6.GGGGAG-CUCCCC.0,HELIX,12,1,5,0,6,3,1,0,1,0,2,14,14
HELIX.5VPO.5.UGACU-GGUCA.0,HELIX,10,0,1,0,2,0,0,0,0,0,7,8,4
HELIX.5VPO.7.CUCAGGC-GCCUGGG.0,HELIX,14,0,6,0,3,3,1,0,0,0,0,2,9
HELIX.5VPO.3.UGA-UCA.0,HELIX,6,0,0,0,0,0,0,0,0,0,0,2,4
HELIX.5VPO.4.AGGG-CCCU.0,HELIX,8,0,0,0,0,0,0,0,0,0,0,8,0
HELIX.5VPO.7.GGGCGCG-CGCGUCC.0,HELIX,14,1,1,0,2,1,0,1,0,0,0,0,13
HELIX.5VPO.3.CGG-CCG.1,HELIX,6,1,1,0,1,1,0,0,0,0,0,2,4
HELIX.5VPO.4.GCGG-CCGC.0,HELIX,8,0,0,0,0,0,0,0,0,0,10,8,9
HELIX.5VPO.3.GCU-AGC.0,HELIX,6,0,0,0,0,0,0,0,0,0,0,0,11
HELIX.5VPO.3.GGC-GCC.2,HELIX,6,0,0,0,0,0,0,0,0,0,1,2,1
HELIX.5VPO.3.CCC-GGG.1,HELIX,6,1,1,0,0,2,0,0,0,0,2,1,0
HELIX.5VPO.10.GUGGCGCCGC-GUGGCGCCGC.0,HELIX,20,0,0,0,1,1,0,1,1,0,6,4,6
HELIX.5VPO.8.GUCUGGGG-CCCCAGGC.0,HELIX,16,0,0,0,0,0,0,0,0,0,0,0,8
HELIX.5VPO.5.UUCCC-GGGAA.0,HELIX,10,1,1,0,1,1,0,1,0,0,0,8,17
HELIX.5VPO.5.GGCCG-CGGCU.0,HELIX,10,0,0,0,0,0,1,0,0,0,0,5,14
HELIX.5VPO.6.AGAGGG-CCCUCU.0,HELIX,12,0,0,0,0,0,1,0,0,0,2,0,2
HELIX.5VPO.4.CGCC-GGCG.2,HELIX,8,0,0,0,0,0,0,1,1,0,0,0,2
HELIX.5VPO.6.CCUACG-CGUAGG.0,HELIX,12,0,0,0,1,2,0,0,0,0,2,2,9
HELIX.5VPO.4.CGGG-CCCG.0,HELIX,8,0,0,0,0,0,0,0,1,0,0,5,6
HELIX.5VPO.3.GCC-GGC.0,HELIX,6,1,1,0,3,5,0,0,0,0,0,0,0
HELIX.5VPO.5.GCCGG-CCGGC.0,HELIX,10,0,1,0,1,5,0,0,0,0,0,0,2
HELIX.5VPO.11.UUCCCGCAGGU-ACCUGCGGGAA.0,HELIX,22,0,2,0,2,5,1,0,0,0,1,2,0
HELIX.5VPO.4.GGGG-CCUC.0,HELIX,8,1,0,0,3,3,0,1,1,0,0,0,0
HELIX.5VPO.5.GCUCU-GGAGC.0,HELIX,10,0,0,1,0,0,0,0,0,0,0,2,0
HELIX.5VPO.3.GGC-GCC.4,HELIX,6,0,0,0,0,0,0,0,0,0,0,0,0
HELIX.5VPO.5.GGGGG-CCCCC.1,HELIX,10,0,1,0,0,2,1,0,1,0,0,0,0
HELIX.5VPO.3.CCA-UGG.0,HELIX,6,0,0,0,1,2,0,0,0,0,0,0,0
HELIX.5VPO.7.GGGAGGU-GCCUCCC.0,HELIX,14,0,0,0,0,0,0,0,0,0,0,0,2
HELIX.5VPO.4.CGGG-CCCG.1,HELIX,8,0,0,0,0,0,0,0,0,0,2,5,0
HELIX.5VPO.8.CCCUCGCC-GGCGAGGG.0,HELIX,16,2,4,1,5,3,2,3,1,0,0,0,43
HELIX.5VPO.5.GCCCC-GGGGU.0,HELIX,10,0,0,0,0,0,0,0,0,0,0,0,0
HELIX.5VPO.7.GCUCUGG-CCGGAGC.0,HELIX,14,0,1,2,1,3,0,3,0,0,0,0,0
HELIX.5VPO.2.CG-CG.3,HELIX,4,1,0,0,0,1,0,1,2,0,0,0,0
HELIX.5VPO.2.GU-AC.2,HELIX,4,1,1,0,2,2,0,0,0,0,2,0,11
HELIX.5VPO.7.GCUCUCU-AGGGAGC.0,HELIX,14,7,3,0,3,3,3,1,2,0,8,14,44
HELIX.5VPO.3.CUC-GAG.0,HELIX,6,0,0,0,0,0,0,0,0,0,6,7,3
HELIX.5VPO.4.CGCU-AGCG.0,HELIX,8,2,1,0,3,0,2,1,0,0,0,0,2
HELIX.5VPO.3.GCC-GGC.1,HELIX,6,0,0,0,0,0,1,0,1,0,0,0,0
HELIX.5VPO.5.GCCGG-CCGGU.0,HELIX,10,1,2,0,0,0,0,0,1,0,0,4,6
HELIX.5VPO.5.GGGGU-GCCCC.0,HELIX,10,0,1,0,2,4,0,0,2,0,0,0,0
HELIX.5VPO.5.GGCCG-CGGUC.0,HELIX,10,0,0,0,1,0,0,0,0,0,0,0,0
HELIX.5VPO.5.GUCGG-CCGAC.0,HELIX,10,2,2,0,1,7,0,0,0,0,0,0,0
HELIX.5VPO.5.GGCCG-CGGCC.0,HELIX,10,5,5,0,0,3,0,0,0,0,4,0,4
HELIX.5VPO.8.CCCGUGGC-GCCACGGG.0,HELIX,16,2,5,3,6,3,1,0,1,0,2,18,12
HELIX.5VPO.3.GGA-UCC.0,HELIX,6,0,0,0,0,1,0,0,0,0,0,0,2
HELIX.5VPO.4.CCCG-CGGG.1,HELIX,8,0,4,1,0,0,0,1,0,0,4,14,12
HELIX.5VPO.4.AGCU-AGUU.0,HELIX,8,4,2,3,3,7,2,0,2,0,2,4,2
HELIX.5VPO.5.ACUGC-GCAGU.0,HELIX,10,0,2,2,5,5,1,0,2,0,2,4,6
HELIX.5VPO.3.GCC-GGC.2,HELIX,6,0,0,0,0,1,0,0,0,0,0,0,0
HELIX.5VPO.5.GGUGU-GCGCU.0,HELIX,10,0,0,0,1,0,0,0,1,0,6,6,17
HELIX.5VPO.8.CCCCCGCC-GGUGGGGG.0,HELIX,16,0,0,0,0,0,0,0,1,0,0,0,0
HELIX.5VPO.5.CCCUC-GGGGG.0,HELIX,10,0,0,0,0,0,0,0,0,0,4,4,0
HELIX.5VPO.3.GAC-GUC.0,HELIX,6,0,2,1,0,0,1,0,0,0,0,0,0
HELIX.5VPO.6.GCCUCC-GGAGGC.0,HELIX,12,4,3,0,2,6,0,0,0,0,10,0,10
HELIX.5VPO.7.GGUCCCC-GGGGGCC.0,HELIX,14,0,2,0,3,2,1,2,1,0,0,11,14
HELIX.5VPO.5.GGCGG-CCGCC.0,HELIX,10,0,0,0,0,0,0,0,0,0,4,7,4
HELIX.5VPO.4.CUGC-GCAG.0,HELIX,8,3,2,0,0,2,0,0,0,0,2,0,4
HELIX.5VPO.3.GGC-GCC.5,HELIX,6,0,0,0,0,0,0,0,0,0,4,8,2
HELIX.5VPO.3.GGC-GCC.6,HELIX,6,0,2,0,3,1,0,0,1,0,0,0,0
HELIX.5VPO.7.CGGUGGU-GCCAUCG.0,HELIX,14,0,0,0,0,0,0,0,0,0,0,4,13
HELIX.5VPO.3.GCU-GGC.2,HELIX,6,1,2,0,0,1,0,0,0,0,2,0,0
HELIX.5VPO.6.CUCCCC-GGGGAG.0,HELIX,12,4,4,0,0,3,1,0,1,0,0,0,2
HELIX.5VPO.3.GGC-GCU.1,HELIX,6,0,0,0,0,0,0,0,0,0,0,2,0
HELIX.5VPO.5.GUCGC-GCGGC.0,HELIX,10,2,3,1,1,3,2,1,0,0,2,0,0
HELIX.5VPO.3.CCU-GGG.0,HELIX,6,1,1,1,0,2,0,0,0,0,0,0,0
HELIX.5VPO.6.GGGGCU-GGUCCC.0,HELIX,12,2,2,0,2,5,0,0,1,0,0,2,6
HELIX.5VPO.5.UGGGC-GCCCA.0,HELIX,10,2,4,2,1,6,1,0,0,0,0,0,4
HELIX.5VPO.4.GAAC-GUUC.0,HELIX,8,0,0,0,1,3,0,0,2,0,0,0,2
HELIX.5VPO.3.GUC-GAC.0,HELIX,6,0,0,0,0,0,2,0,0,0,0,0,0
HELIX.5VPO.7.GGAGGCU-GGCCUCC.0,HELIX,14,1,2,0,3,7,0,0,0,0,0,19,11
HELIX.5VPO.4.GGGG-CCCC.0,HELIX,8,0,0,0,0,0,0,0,0,0,0,2,10
HELIX.5VPO.7.CUCUUCC-GGAAGGG.0,HELIX,14,1,2,1,0,1,1,0,1,0,0,2,2
HELIX.5VPO.5.CGCAC-GUGCG.0,HELIX,10,0,0,0,0,0,0,0,0,0,0,6,8
HELIX.5VPO.4.UGGU-GCCA.0,HELIX,8,1,2,0,2,2,0,0,1,0,0,2,28
HELIX.5VPO.5.CCAGC-GCUGG.0,HELIX,10,2,6,1,1,2,1,0,1,0,0,4,17
HELIX.5VPO.6.UGUCCC-GGGGCA.0,HELIX,12,0,2,0,2,5,2,1,2,0,0,2,6
HELIX.5VPO.3.GGG-CCC.3,HELIX,6,0,0,0,0,0,0,0,0,0,0,2,0
HELIX.5VPO.4.CCGC-GCGG.0,HELIX,8,0,0,0,0,0,0,0,0,0,2,0,2
HELIX.5VPO.5.CCGGG-CCCGG.0,HELIX,10,0,0,0,0,1,0,0,1,0,0,2,8
HELIX.5VPO.3.UGG-CCA.0,HELIX,6,0,0,0,0,1,0,0,1,0,0,4,6
HELIX.5VPO.5.GCCGG-CCGGU.1,HELIX,10,0,0,0,0,0,0,0,0,0,0,4,6
HELIX.5VPO.5.GCGCC-GGCGU.0,HELIX,10,0,0,1,0,1,0,0,0,0,0,0,0
HELIX.5VPO.6.GGCGUG-CGCGCC.0,HELIX,12,0,0,0,1,0,0,0,0,0,0,0,0
HELIX.5VPO.3.CAC-GUG.0,HELIX,6,0,0,0,0,0,0,0,0,0,0,3,4
HELIX.5VPO.4.CCGU-ACGG.0,HELIX,8,0,0,0,0,0,0,0,0,0,0,2,19
HELIX.5VPO.5.GGCGG-CCGCC.1,HELIX,10,0,0,0,0,0,0,0,0,0,0,0,9
HELIX.5VPO.3.CUC-GAG.1,HELIX,6,0,0,0,0,0,0,0,0,0,0,0,2
HELIX.5VPO.6.CCGUUA-UAACGG.0,HELIX,12,0,0,0,0,0,0,0,0,0,0,4,14
HELIX.5VPO.6.CUUCGU-ACGAAG.1,HELIX,12,2,1,0,1,6,1,0,0,0,0,0,2
HAIRPIN.5VPO.9.UUUGAUCCUGG.0,HAIRPIN,11,6,1,0,6,5,0,0,1,0,2,4,7
HAIRPIN.5VPO.4.GGAAAC.0,HAIRPIN,6,2,0,0,0,0,0,0,0,0,0,0,0
HAIRPIN.5VPO.4.CCUUGG.0,HAIRPIN,6,2,5,2,2,6,1,0,0,0,2,4,8
HAIRPIN.5VPO.7.GGUAAUGGC.0,HAIRPIN,9,1,2,2,4,6,0,0,0,0,2,2,14
HAIRPIN.5VPO.4.UGAGAG.0,HAIRPIN,6,4,2,1,3,3,1,0,0,0,4,2,6
HAIRPIN.5VPO.12.CACUGAGACACGGG.0,HAIRPIN,14,5,0,0,2,5,0,5,0,0,2,8,7
HAIRPIN.5VPO.4.CUACGG.1,HAIRPIN,6,2,0,0,0,0,0,0,0,0,0,0,4
HAIRPIN.5VPO.4.CGCAAG.0,HAIRPIN,6,4,2,0,2,2,2,2,2,0,0,0,2
HAIRPIN.5VPO.4.CUUCGG.0,HAIRPIN,6,0,0,0,0,0,0,0,1,0,2,2,0
HAIRPIN.5VPO.5.C.1,HAIRPIN,7,0,0,0,1,0,0,0,0,0,1,3,0
HAIRPIN.5VPO.16.CCAACUCCGUGCCAGCAG.0,HAIRPIN,18,0,0,0,0,0,0,0,1,0,0,6,0
HAIRPIN.5VPO.4.CAGCCG.0,HAIRPIN,6,0,0,0,1,3,0,0,0,0,0,0,4
HAIRPIN.5VPO.5.GCUCAAC.0,HAIRPIN,7,1,1,0,2,4,0,0,0,0,4,4,6
HAIRPIN.5VPO.8.CGGUGAAAUG.0,HAIRPIN,10,2,8,0,0,7,0,0,0,0,7,6,19
HAIRPIN.5VPO.4.CGAAGG.0,HAIRPIN,6,2,2,1,2,8,0,2,2,0,4,4,12
HAIRPIN.5VPO.9.GAUUAGAUACC.0,HAIRPIN,11,3,11,2,2,8,4,1,3,0,0,2,6
HAIRPIN.5VPO.4.CGCAAG.1,HAIRPIN,6,3,0,0,5,1,2,0,1,0,0,0,0
HAIRPIN.5VPO.8.GAAGCAACGC.0,HAIRPIN,10,1,0,2,3,4,1,2,2,0,15,14,14
HAIRPIN.5VPO.4.UGAAAG.0,HAIRPIN,6,1,1,0,4,5,0,0,0,0,0,0,6
HAIRPIN.5VPO.4.CGUGAG.0,HAIRPIN,6,2,2,0,3,7,1,0,0,0,6,17,8
HAIRPIN.5VPO.6.GUUAAGUC.0,HAIRPIN,8,2,2,0,3,5,0,3,0,0,0,2,6
HAIRPIN.5VPO.5.GUUCGGC.0,HAIRPIN,7,1,0,0,0,0,0,0,0,0,0,0,0
HAIRPIN.5VPO.4.CGA.0,HAIRPIN,6,1,1,0,3,4,0,0,0,0,0,0,0
HAIRPIN.5VPO.4.GGCAAC.0,HAIRPIN,6,1,3,0,0,6,0,0,0,0,4,2,26
HAIRPIN.5VPO.8.CUGCAACCCG.0,HAIRPIN,10,12,4,1,2,1,0,4,1,0,23,8,26
HAIRPIN.5VPO.10.GAUCAGC.0,HAIRPIN,12,6,7,3,7,10,1,3,2,0,3,6,23
HAIRPIN.5VPO.4.CUACGG.0,HAIRPIN,6,1,0,0,0,0,0,0,0,0,0,2,6
HAIRPIN.5VPO.4.CGGAAG.0,HAIRPIN,6,3,6,0,1,4,2,0,1,0,0,0,0
HAIRPIN.5VPO.6.UGCGAUAA.0,HAIRPIN,8,7,0,0,1,1,0,2,0,0,0,4,2
HAIRPIN.5VPO.4.GGGAAC.0,HAIRPIN,6,2,1,0,2,3,0,2,0,0,1,11,10
HAIRPIN.5VPO.4.GGGAA.0,HAIRPIN,6,0,2,0,1,3,0,0,0,0,9,4,2
HAIRPIN.5VPO.6.GAAACAUC.0,HAIRPIN,8,13,2,3,6,11,3,1,2,0,4,4,11
HAIRPIN.5VPO.4.AGAAAU.0,HAIRPIN,6,2,4,0,0,1,0,0,1,0,0,0,0
HAIRPIN.5VPO.5.CGGCGAG.0,HAIRPIN,7,9,1,0,5,6,2,1,2,0,8,4,18
HAIRPIN.5VPO.6.UUGGGAAG.0,HAIRPIN,8,3,5,2,2,3,1,1,1,0,2,2,4
HAIRPIN.5VPO.3.CAGAG.0,HAIRPIN,5,0,0,0,0,0,0,0,0,0,4,8,9
HAIRPIN.5VPO.7.UUCGUGGAG.0,HAIRPIN,9,0,1,0,1,2,0,0,0,0,4,4,0
HAIRPIN.5VPO.25.CGUGGAGCCAUGGGGGAAUCUGGGCGG.0,HAIRPIN,27,17,7,2,9,5,1,6,3,0,8,6,30
HAIRPIN.5VPO.6.GGACCACC.0,HAIRPIN,8,0,1,0,4,3,0,1,2,0,0,0,0
HAIRPIN.5VPO.4.CGUGAG.2,HAIRPIN,6,1,2,0,0,2,0,0,0,0,13,16,16
HAIRPIN.5VPO.4.CGG.0,HAIRPIN,6,0,0,1,0,0,0,0,1,0,8,9,2
HAIRPIN.5VPO.8.UAUUGAAGCA.0,HAIRPIN,10,0,2,0,2,3,0,0,2,0,4,4,14
HAIRPIN.5VPO.5.CGUUGAG.0,HAIRPIN,7,1,1,0,1,1,0,1,0,0,3,0,5
HAIRPIN.5VPO.4.GGAAAC.1,HAIRPIN,6,1,4,1,3,3,2,1,0,0,0,4,11
HAIRPIN.5VPO.5.CGAACAG.0,HAIRPIN,7,3,3,1,0,4,1,0,0,0,0,0,2
HAIRPIN.5VPO.6.GGUGAGAC.0,HAIRPIN,8,0,0,0,0,0,0,0,0,0,4,2,0
HAIRPIN.5VPO.8.GGAUGCAAAC.0,HAIRPIN,10,0,0,1,0,2,2,1,0,0,6,4,20
HAIRPIN.5VPO.5.UGAAAAG.0,HAIRPIN,7,4,5,1,3,3,1,1,1,0,6,4,19
HAIRPIN.5VPO.4.UUUAGG.0,HAIRPIN,6,3,5,4,2,1,2,2,0,0,2,10,10
HAIRPIN.5VPO.6.CCCACCA.0,HAIRPIN,8,0,0,0,0,0,0,0,0,0,0,0,6
HAIRPIN.5VPO.6.CGAUAACG.0,HAIRPIN,8,2,3,1,0,1,0,0,0,0,3,4,23
HAIRPIN.5VPO.6.GGAACAAC.0,HAIRPIN,8,3,4,0,4,6,0,0,0,0,0,0,4
HAIRPIN.5VPO.9.CUUAGAAGCAG.0,HAIRPIN,11,2,2,1,1,1,1,0,0,0,0,2,2
HAIRPIN.5VPO.6.CGUAAUAG.0,HAIRPIN,8,1,2,0,1,1,0,0,0,0,0,4,2
HAIRPIN.5VPO.4.CGCGAG.0,HAIRPIN,6,2,1,0,4,4,0,0,0,0,6,8,16
HAIRPIN.5VPO.7.GUGAGAAUC.0,HAIRPIN,9,5,1,4,4,1,2,0,2,0,10,2,0
HAIRPIN.5VPO.5.GGUCGUC.0,HAIRPIN,7,7,1,3,7,1,2,0,2,0,4,2,5
HAIRPIN.5VPO.4.CGAAAG.0,HAIRPIN,6,2,1,0,7,9,0,0,0,0,0,6,16
HAIRPIN.5VPO.8.GUUAAUAUUC.0,HAIRPIN,10,1,2,0,2,4,0,1,1,0,12,8,6
HAIRPIN.5VPO.5.GCAAAUC.0,HAIRPIN,7,2,0,0,4,3,1,1,1,0,0,0,0
HAIRPIN.5VPO.4.CGUACG.0,HAIRPIN,6,0,0,0,0,0,1,0,0,0,0,0,0
HAIRPIN.5VPO.2.CAAG.0,HAIRPIN,4,0,0,0,0,0,0,0,0,0,0,2,12
HAIRPIN.5VPO.6.CGACACAG.0,HAIRPIN,8,2,0,1,2,2,1,1,2,0,2,4,0
HAIRPIN.5VPO.4.CAAGAG.0,HAIRPIN,6,3,3,0,3,4,1,4,0,0,0,0,0
HAIRPIN.5VPO.4.CUUCGG.1,HAIRPIN,6,1,3,0,0,0,1,1,0,0,2,2,0
HAIRPIN.5VPO.5.UGAUGAG.0,HAIRPIN,7,0,0,0,0,2,0,0,1,0,0,0,0
HAIRPIN.5VPO.3.CGCAG.0,HAIRPIN,5,2,3,0,0,0,0,0,0,0,0,4,12
HAIRPIN.5VPO.9.UUUACCAAAAA.0,HAIRPIN,11,5,1,1,4,4,0,1,2,0,0,0,6
HAIRPIN.5VPO.4.CGUAAG.0,HAIRPIN,6,1,1,0,5,5,0,0,0,0,6,7,6
HAIRPIN.5VPO.4.U.0,HAIRPIN,6,0,1,0,3,2,0,1,2,0,0,0,0
HAIRPIN.5VPO.9.GUAACUAUAAC.0,HAIRPIN,11,3,1,0,5,1,0,0,0,0,0,0,0
HAIRPIN.5VPO.7.GGUAAGUUC.0,HAIRPIN,9,3,4,2,1,7,1,0,0,0,0,0,4
HAIRPIN.5VPO.13.ACUGGCCGUGAAGAU.0,HAIRPIN,15,5,4,1,4,1,2,2,0,0,8,4,11
HAIRPIN.5VPO.4.CUCCGG.0,HAIRPIN,6,0,1,0,0,0,0,1,0,0,0,0,0
HAIRPIN.5VPO.4.CGGAU.0,HAIRPIN,6,0,0,0,1,0,0,1,1,0,2,2,0
HAIRPIN.5VPO.7.CUGGGGCGG.0,HAIRPIN,9,3,2,2,0,0,1,0,0,0,5,0,3
HAIRPIN.5VPO.19.GGUCGCCUCCUAAAAGGUAAC.0,HAIRPIN,21,3,1,0,2,6,1,0,1,0,9,10,8
HAIRPIN.5VPO.11.CUAAAAGGUAACG.0,HAIRPIN,13,7,3,4,7,8,2,1,0,0,6,2,18
HAIRPIN.5VPO.9.GGACGGAAAUC.0,HAIRPIN,11,0,0,0,0,0,0,0,0,0,8,9,3
HAIRPIN.5VPO.6.CGCAAGGG.0,HAIRPIN,8,0,0,0,0,1,0,0,1,0,0,0,4
HAIRPIN.5VPO.6.CCUGCAAG.0,HAIRPIN,8,0,1,0,2,0,0,0,0,0,4,11,18
HAIRPIN.5VPO.4.CGAAAG.1,HAIRPIN,6,0,2,0,3,2,1,2,1,0,0,7,12
HAIRPIN.5VPO.8.CGUGUGGAAG.0,HAIRPIN,10,0,2,0,3,3,0,1,2,0,0,0,0
HAIRPIN.5VPO.7.CGUCCACAG.0,HAIRPIN,9,3,1,0,3,0,0,1,1,0,6,0,6
HAIRPIN.5VPO.6.UGAAGAAG.0,HAIRPIN,8,5,2,0,3,2,0,1,1,0,4,6,2
HAIRPIN.5VPO.5.CUGUUCG.0,HAIRPIN,7,3,0,0,0,2,0,0,0,0,0,0,0
HAIRPIN.5VPO.4.CGUGAG.1,HAIRPIN,6,3,0,1,3,7,1,0,1,0,2,2,5
HAIRPIN.5VPO.4.CGAGAG.0,HAIRPIN,6,2,1,0,0,1,0,0,0,0,0,2,2
HAIRPIN.5VPO.13.CUGAAAGCAUCUAAG.0,HAIRPIN,15,0,0,0,1,0,0,0,0,0,9,13,18
HAIRPIN.5VPO.5.CG.0,HAIRPIN,7,0,0,2,0,2,0,0,0,0,0,0,0
HAIRPIN.5VPO.7.GAAGACCAC.0,HAIRPIN,9,0,1,0,4,1,0,3,1,0,2,4,17
HAIRPIN.5VPO.4.CGCGAG.1,HAIRPIN,6,2,0,0,3,3,0,0,0,0,0,0,0
HAIRPIN.5VPO.5.CAUUCCG.0,HAIRPIN,7,0,0,0,0,0,0,0,0,0,10,5,2
HAIRPIN.5VPO.4.GGCG.0,HAIRPIN,6,0,1,0,0,0,0,1,0,0,0,0,12
HAIRPIN.5VPO.3.UACGG.0,HAIRPIN,5,0,0,0,0,0,0,0,0,0,3,1,4
HAIRPIN.5VPO.21.CUGCGAUAAGCCAGGGGGAGCCG.0,HAIRPIN,23,2,0,0,2,1,0,0,0,0,0,6,4
HAIRPIN.5VPO.6.UUCGG.1,HAIRPIN,8,1,0,0,0,3,0,2,1,0,5,4,12
SSTRAND.5VPO.1.C.0,SSTRAND,1,0,0,0,1,0,2,0,0,0,0,0,0
SSTRAND.5VPO.1.U.2,SSTRAND,1,1,0,0,0,0,0,2,0,0,0,0,0
SSTRAND.5VPO.4.UGGA.0,SSTRAND,4,0,0,0,0,2,0,0,0,0,8,0,6
SSTRAND.5VPO.1.A.0,SSTRAND,1,3,1,0,1,1,0,0,0,0,0,0,0
SSTRAND.5VPO.10.GGAUUCACUG.0,SSTRAND,10,8,4,0,4,4,2,1,0,0,12,4,8
SSTRAND.5VPO.1.U.1,SSTRAND,1,0,1,0,0,0,1,0,0,0,6,2,4
SSTRAND.5VPO.3.AAA.0,SSTRAND,3,3,0,0,3,3,0,0,1,0,0,0,4
SSTRAND.5VPO.6.UUAAUU.0,SSTRAND,6,7,3,0,2,2,0,2,2,0,6,14,18
SSTRAND.5VPO.10.AAGAACCUUA.0,SSTRAND,10,12,5,1,4,5,2,4,6,0,12,15,37
SSTRAND.5VPO.2.GC.0,SSTRAND,2,7,1,1,3,0,1,2,2,0,8,3,16
SSTRAND.5VPO.2.CA.0,SSTRAND,2,1,1,0,1,1,0,0,0,0,0,0,0
SSTRAND.5VPO.2.GU.0,SSTRAND,2,3,0,2,3,3,2,1,4,0,0,0,0
SSTRAND.5VPO.5.GGUAA.0,SSTRAND,6,3,3,4,5,5,0,0,0,0,0,5,0
SSTRAND.5VPO.1.G.2,SSTRAND,1,3,0,0,1,0,0,1,0,0,0,2,2
SSTRAND.5VPO.3.AUG.0,SSTRAND,3,4,0,0,2,1,0,2,0,0,0,2,2
SSTRAND.5VPO.1.U.5,SSTRAND,1,1,2,0,0,1,2,0,0,0,0,0,0
SSTRAND.5VPO.4.AGUA.0,SSTRAND,4,5,3,2,4,2,0,3,0,0,0,0,2
SSTRAND.5VPO.5.ACAAG.0,SSTRAND,5,3,5,3,6,2,1,1,0,0,2,0,8
SSTRAND.5VPO.1.A.2,SSTRAND,1,2,2,0,2,0,1,1,0,0,2,4,10
SSTRAND.5VPO.1.G.1,SSTRAND,1,2,2,0,2,0,1,1,0,0,2,2,4
SSTRAND.5VPO.1.A.1,SSTRAND,1,3,4,1,2,0,2,0,1,0,2,0,0
SSTRAND.5VPO.1.U.4,SSTRAND,1,1,1,0,1,1,0,0,2,0,2,0,4
SSTRAND.5VPO.3.ACA.0,SSTRAND,3,5,4,0,3,3,1,1,1,0,11,8,27
SSTRAND.5VPO.1.G.0,SSTRAND,1,4,2,0,2,0,1,1,1,0,2,4,14
SSTRAND.5VPO.3.UAA.0,SSTRAND,3,1,3,1,2,0,2,1,1,0,0,2,0
SSTRAND.5VPO.2.UA.0,SSTRAND,2,0,0,0,0,0,0,0,0,0,0,0,0
SSTRAND.5VPO.2.UU.0,SSTRAND,2,1,1,0,2,4,0,1,1,0,0,2,6
SSTRAND.5VPO.2.UU.1,SSTRAND,2,2,0,0,1,0,1,0,0,0,0,0,0
SSTRAND.5VPO.6.GAUAAA.0,SSTRAND,6,6,4,0,2,5,2,0,1,0,4,1,2
SSTRAND.5VPO.3.GCA.0,SSTRAND,3,1,2,2,1,3,0,0,0,0,0,0,0
NWAY.5VPO.1-3-3.CGG-CUAGA-UGACG.0,NWAY,13,0,0,0,0,0,0,0,0,0,0,6,10
NWAY.5VPO.1-4-0.UCG-CCAUAG-CG.0,NWAY,11,2,0,0,1,0,0,0,0,0,6,2,2
NWAY.5VPO.1-5-8.CGC-GGACUGC-GAGGAAGGAG.1,NWAY,20,0,0,0,0,0,0,0,0,0,0,6,17
NWAY.5VPO.9-2-5.UAGGAAUCUUC-GAGC-GCCUAAG.0,NWAY,22,5,3,0,4,3,0,1,3,0,3,8,17
NWAY.5VPO.0-3-3.UG-UGUUG-CGCAA.0,NWAY,12,1,0,0,0,0,0,1,0,0,4,8,10
NWAY.5VPO.2-3-4.CCAG-CGAAC-GAUGAG.0,NWAY,15,5,4,1,3,5,1,2,2,0,3,4,15
NWAY.5VPO.3-5-4.CUCAG-CGGAGAG-UAGAAG.0,NWAY,18,1,0,0,2,0,0,0,0,0,10,4,2
NWAY.5VPO.4-4-8.GCACAG-CUUACG-CUUGACAUG-C.0,NWAY,22,0,0,0,1,0,0,0,0,0,0,0,6
NWAY.5VPO.1-9-3.GGA-UUUAAAGAGUG-CUCAC.0,NWAY,19,3,0,1,0,0,1,0,0,0,0,0,0
NWAY.5VPO.4-1-2.CGUAAG-CGG-UCAG.0,NWAY,13,2,1,0,0,2,1,2,2,0,0,0,2
NWAY.5VPO.0-4-3.CC-GUGGAU-AAUCG.0,NWAY,13,3,2,0,0,0,0,0,0,0,4,16,8
NWAY.5VPO.2-4-6.ACAG-CUUACG-CUUGACAU.0,NWAY,18,0,0,0,1,0,0,0,0,0,2,0,8
NWAY.5VPO.5-12-1.UGGAAUU-AGGAACGCCGAUGG-CAG.0,NWAY,24,3,1,0,0,2,1,2,3,0,16,10,11
NWAY.5VPO.5-3-6.CGAGCUA-UAGGA-UAACCGAG.0,NWAY,20,3,4,4,4,4,1,0,1,0,8,24,23
NWAY.5VPO.2-5-1.CAAG-CGCAAAC-GUG.0,NWAY,14,3,0,0,3,2,0,0,1,0,2,0,2
NWAY.5VPO.1-3-4.UUG-CUAA-C-G-GACAG.0,NWAY,14,0,0,0,0,0,0,0,0,0,4,0,19
NWAY.5VPO.2-1-5.CAUC-GUU-AUUAAAG.0,NWAY,14,5,4,0,3,1,1,0,1,0,4,2,0
NWAY.5VPO.1-4-3.CAC-G-GUAAG-C-GAGG.0,NWAY,14,1,2,0,3,7,0,0,0,0,0,2,2
NWAY.5VPO.3-0-5.GAUGU-AC-GAUAAGC.0,NWAY,14,0,4,1,0,0,0,0,0,0,0,4,6
NWAY.5VPO.4-0-5.GGGACG-CC-GAAAAGC.0,NWAY,15,4,0,0,8,5,0,0,1,0,2,4,10
NWAY.5VPO.2-3-5.CUAG-CGAAG-CGUUAAG.0,NWAY,16,1,0,1,2,0,0,0,0,0,2,6,4
NWAY.5VPO.5-6-2.CUAGUAA-UGAAUACG-CAAG.0,NWAY,19,4,0,0,1,0,1,0,0,0,13,13,34
NWAY.5VPO.7-5-9.CGUCGUCAG-CGCAACC-GACGACGUCUG.0,NWAY,27,1,1,0,0,1,0,2,3,0,17,21,28
NWAY.5VPO.2-15-4.CUCG-CGAUAGCGCACCAGUAC-GGAAAG.0,NWAY,27,4,2,0,4,3,0,2,0,0,6,13,46
NWAY.5VPO.1-3-0-0-7-5.GCC-CGCAA-GG-GC-UAGUGAACC-GAUCAAC.0,NWAY,28,6,1,0,5,6,2,0,2,0,16,24,39
NWAY.5VPO.1-0-4-6.G-AC-GC-GGGAAG-UGACA-ACC.0,NWAY,19,1,0,0,6,6,0,0,0,0,0,0,0
NWAY.5VPO.1-1-0-1.UGG-CUG-CG-CGG.0,NWAY,11,1,1,0,2,0,0,0,0,0,2,6,6
NWAY.5VPO.2-2-2-0.CGUG-GAAG-GGAC-CC.0,NWAY,14,1,4,1,3,6,1,0,1,0,2,2,2
TWOWAY.5VPO.11-6.0-7-4.CC-AUGGACGAG-CUCCAG,TWOWAY,17,0,0,0,1,2,1,0,0,0,6,8,2
NWAY.5VPO.5-0-2-0.CGAUAAA-UC-GCGC-GG.0,NWAY,15,7,1,0,8,4,1,1,2,0,4,11,13
NWAY.5VPO.2-1-3-1.GGGC-GAC-GGAAG-CGC.0,NWAY,15,1,2,2,0,3,0,0,1,0,1,4,10
NWAY.5VPO.6-0-2-0.GAGUAACG-UC-GUAG-CC.0,NWAY,16,1,1,0,0,1,0,0,0,0,0,0,0
NWAY.5VPO.3-3-1-1.CAAAG-CUGAC-GGG-CGG.0,NWAY,16,1,0,0,1,0,0,0,0,0,4,8,8
NWAY.5VPO.1-4-3-1.GAG-CAUGUG-CAAAG-CGC.0,NWAY,17,1,0,0,0,1,0,0,0,0,0,0,10
NWAY.5VPO.31-1-2.CUA-A-A-C-G-G-G-UC-G-CUG-UAAG.0,NWAY,19,5,9,0,3,9,4,3,1,0,0,2,0
NWAY.5VPO.0-3-1-0-0.CG-CCAAC-CAG-CG-GG.0,NWAY,14,2,0,0,4,5,1,0,2,0,7,6,32
NWAY.5VPO.4-0-1-1-6.CGAAUG-CG-CAC-GGG-CGAUGAAG.0,NWAY,22,1,0,0,1,4,0,2,0,0,0,5,2
NWAY.5VPO.6-1-1-3-2.CGGACGGG-CAG-CAC-GGCAG-CAAG.0,NWAY,23,10,4,1,5,6,3,6,1,0,3,5,14
NWAY.5VPO.2-8-4-2-2.GCGU-AGUGCGAAUG-CGACUC-GGAC-GUUC.0,NWAY,28,6,3,0,7,4,2,3,2,0,20,19,59
NWAY.5VPO.2-3-2-5-4.CGAG-CGUAG-CGAG-CGCAA-G-C-A-AAG.0,NWAY,24,0,2,0,3,1,0,0,0,0,8,6,26
NWAY.5VPO.2-2-4-6-2.CUGG-CUUG-CUGAA-C-GGUAAUA-G-CGAG.0,NWAY,26,0,3,1,0,0,0,0,0,0,9,17,40
NWAY.5VPO.3-2-1-7-3.CGAAG-CGCC-GAG-GUGAAAGCC-CGUAG.0,NWAY,26,3,6,1,4,3,1,1,1,0,10,14,14
NWAY.5VPO.0-4-4-0-2-5-3.GG-CGGUAG-CGAAAU-AG-UGAG-CGAG-CGC-GAGAC.0,NWAY,32,4,3,0,9,15,2,1,3,0,4,16,31
NWAY.5VPO.3-6-1-3-2-0-2.GGUUC-GGUUAGGC-GAC-GGCAG-CCCU-AC-GUAC.0,NWAY,31,6,2,0,10,9,0,1,3,0,16,10,21
TWOWAY.5VPO.1-0.UGA-UA.0,TWOWAY,5,0,1,0,1,0,0,0,2,0,0,6,0
TWOWAY.5VPO.1-0.GAC-GU.0,TWOWAY,5,1,3,1,1,0,0,0,2,0,0,0,6
TWOWAY.5VPO.0-1.AG-CAU.0,TWOWAY,5,4,1,1,1,0,0,1,0,0,0,2,4
TWOWAY.5VPO.4-2.GCAAUG-UGAC.0,TWOWAY,10,6,2,0,4,3,3,0,0,0,2,8,7
TWOWAY.5VPO.1-0.GGC-GC.0,TWOWAY,5,0,2,0,2,0,0,0,0,0,0,0,0
TWOWAY.5VPO.0-1.GG-CCC.0,TWOWAY,5,0,0,0,0,0,0,0,0,0,2,7,2
TWOWAY.5VPO.1-0.UAC-GA.0,TWOWAY,5,1,3,0,2,3,1,0,0,0,0,0,2
TWOWAY.5VPO.0-1.UU-GGG.0,TWOWAY,5,2,0,1,3,0,4,1,2,0,0,0,0
TWOWAY.5VPO.1-0.CAC-GG.0,TWOWAY,5,0,0,0,0,0,0,1,0,0,5,6,16
TWOWAY.5VPO.1-0.GUG-CC.0,TWOWAY,5,2,0,0,1,0,1,1,0,0,0,1,8
TWOWAY.5VPO.2-2.CCAC-GGAG.0,TWOWAY,8,0,1,0,0,1,1,0,1,0,1,0,2
TWOWAY.5VPO.0-1.GC-GAC.1,TWOWAY,5,1,3,0,1,1,0,3,0,0,13,4,12
TWOWAY.5VPO.2-3.-1-1--1.G-UCC-A,TWOWAY,5,0,0,0,0,0,1,0,0,0,0,0,2
TWOWAY.5VPO.7-8.-1--1--1-0.G-G-U-AC,TWOWAY,5,1,1,0,1,4,0,0,0,0,0,0,0
TWOWAY.5VPO.4-5.GUGAAG-UGGAGGC.0,TWOWAY,13,2,0,1,0,1,1,1,2,0,6,6,14
TWOWAY.5VPO.0-1.CC-GAG.0,TWOWAY,5,1,4,0,5,7,1,0,1,0,0,6,19
TWOWAY.5VPO.4-5.UGUAGA-UCCGAAG.0,TWOWAY,13,3,4,3,7,6,0,2,0,0,0,2,8
TWOWAY.5VPO.0-1.GG-UAC.0,TWOWAY,5,0,0,0,0,1,0,0,0,0,0,0,0
TWOWAY.5VPO.0-1.UG-CCA.0,TWOWAY,5,0,0,0,0,0,0,1,0,0,6,5,20
TWOWAY.5VPO.1-0.GAC-GC.0,TWOWAY,5,0,0,0,0,0,0,0,0,0,0,0,4
TWOWAY.5VPO.3-2.0--1-0.GA-G-CC,TWOWAY,5,1,0,0,5,3,0,0,0,0,0,0,0
TWOWAY.5VPO.1-0.UAG-CG.0,TWOWAY,5,0,0,0,1,0,0,0,1,0,1,4,0
TWOWAY.5VPO.0-1.GC-GAC.0,TWOWAY,5,1,0,0,2,1,0,1,0,0,0,0,0
TWOWAY.5VPO.1-0.CAG-CG.0,TWOWAY,5,1,1,0,1,0,1,1,0,0,4,17,8
TWOWAY.5VPO.1-0.GUG-CC.1,TWOWAY,5,0,2,3,2,4,1,0,0,0,0,0,2
TWOWAY.5VPO.1-0.UCC-GG.0,TWOWAY,5,1,2,1,0,2,0,0,0,0,0,2,2
TWOWAY.5VPO.3-4.UGAUC-GGUUUG.0,TWOWAY,11,2,4,0,2,3,3,1,0,0,1,2,2
TWOWAY.5VPO.0-1.CG-CAG.0,TWOWAY,5,1,1,0,1,2,0,1,2,0,0,0,4
TWOWAY.5VPO.0-1.GG-UCC.0,TWOWAY,5,3,2,0,0,0,0,0,0,0,2,10,2
TWOWAY.5VPO.0-1.CG-CAG.1,TWOWAY,5,2,0,0,1,0,0,0,0,0,0,0,0
TWOWAY.5VPO.1-0.CCU-GG.0,TWOWAY,5,2,0,0,0,0,0,0,0,0,0,0,2
TWOWAY.5VPO.0-2.CG-CGUG.0,TWOWAY,6,7,2,0,6,7,2,2,1,0,2,2,8
TWOWAY.5VPO.4-2.-1-1-0.U-GAC-GG,TWOWAY,6,2,5,2,4,5,1,0,0,0,4,4,7
TWOWAY.5VPO.0-2.GU-AUAC.0,TWOWAY,6,0,2,0,2,0,0,0,0,0,4,6,0
TWOWAY.5VPO.2-0.CCGG-CG.0,TWOWAY,6,5,0,0,1,3,1,0,0,0,0,4,8
TWOWAY.5VPO.0-2.UG-UGAA.0,TWOWAY,6,6,1,0,1,2,2,0,0,0,0,3,8
TWOWAY.5VPO.2-0.GAAG-CC.0,TWOWAY,6,1,2,0,0,0,0,1,1,0,0,0,0
TWOWAY.5VPO.0-2.GA-UACC.0,TWOWAY,6,3,1,1,0,3,2,0,2,0,0,0,1
TWOWAY.5VPO.2-6.CUCG-CACGCGAG.0,TWOWAY,12,3,3,1,2,0,0,4,1,0,9,19,14
TWOWAY.5VPO.0-2.UG-CAAG.0,TWOWAY,6,4,3,3,3,8,1,0,0,0,0,0,0
TWOWAY.5VPO.0-2.CC-GAAG.0,TWOWAY,6,0,0,0,1,0,0,0,0,0,4,2,2
TWOWAY.5VPO.0-3.GG-UGGCC.0,TWOWAY,7,3,1,0,2,0,0,0,2,0,0,2,2
TWOWAY.5VPO.3-0.GGGAG-UC.0,TWOWAY,7,2,1,2,0,0,1,0,2,0,2,4,8
TWOWAY.5VPO.0-3.GG-UCAGC.0,TWOWAY,7,5,0,0,2,0,0,0,2,0,3,5,2
TWOWAY.5VPO.2-5.0-0-1.UG-CA-CAA,TWOWAY,7,0,0,0,1,2,1,0,0,0,0,0,0
TWOWAY.5VPO.2-5.0-0-1.CU-AU-AAG,TWOWAY,7,3,4,2,6,5,1,2,1,0,0,0,13
TWOWAY.5VPO.11-2.CUGCGUAGGAUAG-CCUG.0,TWOWAY,17,3,1,4,0,0,1,1,2,0,0,0,0
TWOWAY.5VPO.1-1.GAU-AAU.0,TWOWAY,6,1,2,0,2,8,1,0,1,0,4,18,8
TWOWAY.5VPO.3-3.0-1--1.AG-CGG-C,TWOWAY,6,7,1,0,5,7,0,1,0,0,0,2,6
TWOWAY.5VPO.7-7.-1--1--1--1--1--1.C-C-C-G-G-U,TWOWAY,6,0,0,0,0,0,0,0,0,0,10,3,0
TWOWAY.5VPO.3-4.GUCAC-GAAGUC.0,TWOWAY,11,3,4,0,6,4,0,0,0,0,0,0,0
TWOWAY.5VPO.1-1.CAU-GGG.0,TWOWAY,6,0,1,0,0,3,0,0,0,0,0,0,0
TWOWAY.5VPO.5-4.CGAAGUC-GCCGAG.0,TWOWAY,13,1,1,0,2,7,0,0,0,0,0,0,6
TWOWAY.5VPO.5-8.CCGAAAC-GAGAUAGCUG.0,TWOWAY,17,7,12,4,5,15,3,2,1,0,4,18,31
TWOWAY.5VPO.1-1.AUA-UGU.0,TWOWAY,6,0,0,0,0,0,0,0,0,0,0,7,9
TWOWAY.5VPO.1-1.GAG-UCC.0,TWOWAY,6,2,0,0,2,5,1,0,0,0,0,2,10
TWOWAY.5VPO.1-1.CAA-UCG.0,TWOWAY,6,2,0,0,1,1,0,0,0,0,5,6,10
TWOWAY.5VPO.1-1.CUG-UUG.0,TWOWAY,6,2,4,0,0,2,1,0,0,0,4,8,17
TWOWAY.5VPO.1-1.UGG-CUG.0,TWOWAY,6,2,0,1,3,0,0,1,0,0,0,0,0
TWOWAY.5VPO.4-6.CCGCCC-GUAACAAG.0,TWOWAY,14,6,8,2,8,8,6,4,5,0,0,0,2
TWOWAY.5VPO.1-2.CAG-UGGG.0,TWOWAY,7,0,0,1,0,0,0,0,0,0,0,0,0
TWOWAY.5VPO.2-1.GGUG-CUC.0,TWOWAY,7,1,0,0,1,0,1,0,0,0,4,0,0
TWOWAY.5VPO.5-5.CGCUGAC-GGUGGAG.0,TWOWAY,14,0,0,0,0,0,0,0,1,0,2,4,0
TWOWAY.5VPO.2-1.GAUG-CGC.0,TWOWAY,7,0,1,0,1,1,2,2,1,0,4,11,4
TWOWAY.5VPO.1-2.UAG-CAGG.0,TWOWAY,7,0,3,1,0,2,0,0,1,0,0,0,0
TWOWAY.5VPO.1-2.CAG-CGGG.0,TWOWAY,7,0,0,0,1,1,0,1,1,0,0,0,10
TWOWAY.5VPO.3-1.UUCCC-GCA.0,TWOWAY,8,4,0,0,1,0,1,0,0,0,4,2,2
TWOWAY.5VPO.3-1.UGCAU-AUG.0,TWOWAY,8,5,0,0,1,0,0,0,0,0,0,9,6
TWOWAY.5VPO.7-6.GUUGCCAGC-GGGCACUC.0,TWOWAY,17,2,0,0,1,0,0,0,0,0,4,9,13
TWOWAY.5VPO.2-2.GGAG-UGAC.0,TWOWAY,8,2,2,0,1,8,0,0,0,0,0,0,0
TWOWAY.5VPO.2-2.CUAC-GUAG.0,TWOWAY,8,1,1,0,2,0,0,0,0,0,0,0,6
TWOWAY.5VPO.1-3.UAG-CGAAA.0,TWOWAY,8,2,1,0,2,7,0,0,2,0,0,0,0
TWOWAY.5VPO.2-2.GUUG-CAUC.0,TWOWAY,8,2,0,0,0,0,0,0,0,0,0,0,0
TWOWAY.5VPO.3-1.GCAAU-AGC.0,TWOWAY,8,4,0,3,2,1,2,0,1,0,6,3,4
TWOWAY.5VPO.2-2.CGAG-CGAG.0,TWOWAY,8,0,0,1,0,0,2,0,0,0,9,3,14
TWOWAY.5VPO.3-1.CCUCU-AUG.0,TWOWAY,8,0,0,0,0,0,0,0,0,0,2,8,22
TWOWAY.5VPO.3-2.CUACC-GAUG.0,TWOWAY,9,0,0,0,1,3,0,0,0,0,4,13,2
TWOWAY.5VPO.3-2.GAGAG-UGGU.0,TWOWAY,9,2,0,0,1,4,1,3,3,0,2,6,19
TWOWAY.5VPO.6-3.2-0-1.CGGG-AG-CAG,TWOWAY,9,0,0,1,0,0,0,0,0,0,0,4,8
TWOWAY.5VPO.3-2.CGAAU-AUAG.0,TWOWAY,9,2,0,0,1,0,0,0,0,0,0,0,0
TWOWAY.5VPO.3-2.GCACU-AAAC.0,TWOWAY,9,2,4,1,2,5,0,1,0,0,12,2,15
TWOWAY.5VPO.3-2.CGAUG-UAAG.0,TWOWAY,9,0,0,0,2,0,0,0,0,0,2,12,0
TWOWAY.5VPO.2-3.CUAG-CGAAG.0,TWOWAY,9,2,1,0,0,2,0,1,0,0,0,0,0
TWOWAY.5VPO.3-2.AGAAG-UGGU.0,TWOWAY,9,0,1,0,0,2,0,0,1,0,0,0,0
TWOWAY.5VPO.4-1.GAGAAC-GAC.0,TWOWAY,9,0,3,1,1,1,1,2,0,0,5,6,33
TWOWAY.5VPO.2-3.GGGG-CCGAC.0,TWOWAY,9,2,2,0,1,6,1,2,1,0,2,0,13
TWOWAY.5VPO.3-3.UGUAG-UGAGG.0,TWOWAY,10,0,1,3,2,1,0,1,1,0,2,8,14
TWOWAY.5VPO.3-3.CAAAC-GGUAG.0,TWOWAY,10,2,0,3,1,4,1,1,3,0,0,4,8
TWOWAY.5VPO.2-4.GAUG-CUAAUC.0,TWOWAY,10,1,1,0,1,1,0,0,0,0,3,0,15
TWOWAY.5VPO.5-6.2--1-3.UUAA-G-CGGAG,TWOWAY,10,1,2,0,3,11,0,0,0,0,6,0,9
TWOWAY.5VPO.3-3.GCUAG-CAAAC.0,TWOWAY,10,0,0,0,0,1,0,0,0,0,0,4,0
TWOWAY.5VPO.5-5.1-3-0.AAG-CGAAG-CU,TWOWAY,10,2,3,0,3,9,0,0,1,0,0,6,34
TWOWAY.5VPO.3-3.CUAAG-CGAAG.0,TWOWAY,10,6,0,0,9,11,0,1,1,0,1,12,11
TWOWAY.5VPO.3-3.UGAAG-CGUAG.0,TWOWAY,10,0,0,0,0,0,0,0,0,0,4,7,2
TWOWAY.5VPO.3-3.CGAUG-CUAAG.0,TWOWAY,10,2,0,0,4,4,2,0,0,0,0,0,0
TWOWAY.5VPO.3-3.UCAAG-CGAAG.0,TWOWAY,10,2,4,0,0,2,0,0,0,0,0,4,2
TWOWAY.5VPO.3-3.GGGAG-CGAAC.0,TWOWAY,10,0,0,0,0,0,0,0,0,0,0,2,0
TWOWAY.5VPO.3-3.CCGAG-CGGCG.0,TWOWAY,10,2,1,0,2,0,0,0,0,0,14,8,12
TWOWAY.5VPO.3-3.UUUCC-GGUAG.0,TWOWAY,10,2,7,1,5,8,2,3,1,0,2,0,22
TWOWAY.5VPO.3-3.UUCCC-GAACA.0,TWOWAY,10,0,0,0,0,0,0,0,0,0,2,8,16
TWOWAY.5VPO.8-10.GGACGAAACC-GACUGACGGUAC.0,TWOWAY,22,1,1,0,3,2,1,1,1,0,0,4,8
TWOWAY.5VPO.4-3.UGUAAG-UUGAG.0,TWOWAY,11,0,3,1,1,3,2,0,1,0,10,6,11
TWOWAY.5VPO.4-3.GGAACC-GAAAC.0,TWOWAY,11,0,0,0,2,1,0,0,0,0,2,4,9
TWOWAY.5VPO.4-4.GAUAAC-GGAAGC.0,TWOWAY,12,4,3,2,4,11,1,0,0,0,0,2,4
TWOWAY.5VPO.4-5.GACAAC-GCUAAUC.0,TWOWAY,13,7,1,0,5,8,0,0,0,0,2,2,8
TWOWAY.5VPO.5-8.3-3-1.GGAUC-GGGAG-CGU,TWOWAY,13,0,0,0,0,3,0,0,0,0,4,0,10
TWOWAY.5VPO.5-4.UGAGUAG-CGAAAG.0,TWOWAY,13,1,3,0,1,5,0,0,1,0,4,10,11
TWOWAY.5VPO.6-3.CGAUGAAG-UGGAG.0,TWOWAY,13,0,5,1,5,6,0,2,2,0,0,10,12
TWOWAY.5VPO.4-5.CGUAAC-GGAGAAG.0,TWOWAY,13,1,3,1,3,2,1,6,0,0,0,0,0
TWOWAY.5VPO.5-4.CUAGUAC-GGACCG.0,TWOWAY,13,4,2,0,2,2,0,0,1,0,10,10,2
TWOWAY.5VPO.4-6.CAUCAG-CGACGACG.0,TWOWAY,14,2,0,0,0,0,0,0,1,0,4,6,22
TWOWAY.5VPO.6-4.UGAAAGAC-GGGGAG.0,TWOWAY,14,3,0,0,5,1,0,2,2,0,0,2,6
TWOWAY.5VPO.6-4.GGAGUACG-UGAAAC.0,TWOWAY,14,2,1,0,0,5,0,0,1,0,0,0,4
TWOWAY.5VPO.5-5.UACAAAG-CAAAAAG.0,TWOWAY,14,3,12,1,0,9,0,0,1,0,2,8,20
TWOWAY.5VPO.7-3.CGAAGACAG-UCGAG.0,TWOWAY,14,0,0,0,1,0,0,0,0,0,6,3,2
TWOWAY.5VPO.3-7.UUGAG-CAAGAUGAG.0,TWOWAY,14,1,2,3,2,2,0,0,0,0,4,10,22
TWOWAY.5VPO.6-5.GGAAGAAG-UGUAAAC.0,TWOWAY,15,0,0,0,0,0,1,0,0,0,0,8,28
TWOWAY.5VPO.4-7.GAGUAG-CGCAGAUAC.0,TWOWAY,15,1,2,0,0,2,0,0,1,0,0,10,16
TWOWAY.5VPO.5-6.GGAACUG-CUCAGUAC.0,TWOWAY,15,13,2,0,5,10,0,0,1,0,1,0,10
TWOWAY.5VPO.5-7.GUGCCAG-CGGUAAUAC.0,TWOWAY,16,0,0,0,2,0,0,0,1,0,10,2,8
TWOWAY.5VPO.5-7.UGCGAAC-GGAGGUAUA.0,TWOWAY,16,0,0,0,0,0,0,0,0,0,14,23,41
TWOWAY.5VPO.2-12.GGAG-CGCCGGUGAAAUAC.0,TWOWAY,18,3,0,4,0,0,1,0,1,0,0,0,0
TWOWAY.5VPO.9-9.4-7-1.GAGUAG-CGAUGGUAC-GGA,TWOWAY,18,3,3,1,6,5,0,2,0,0,7,14,13
TWOWAY.5VPO.8-7.AGUUGCCAGC-GGGCACUCU.0,TWOWAY,19,2,0,0,1,0,0,0,0,0,2,12,16
SSTRAND.6O5F.3.CAA.0,SSTRAND,3,0,0,0,0,0,0,0,0,0,0,0,10
SSTRAND.6O5F.4.UUGC.0,SSTRAND,4,0,0,0,0,0,0,0,0,0,0,0,10
TWOWAY.6O5F.6-6.-1-3-4.U-GUCAU-AGUGGC,TWOWAY,12,0,0,0,0,0,0,0,0,0,0,12,2
TWOWAY.6O5F.3-3.1--1-0.AGU-U-AU,TWOWAY,6,0,0,0,0,1,0,0,0,0,0,6,2
TWOWAY.6O5F.1-1.GGC-GUC.0,TWOWAY,6,0,0,0,0,1,0,0,0,0,0,0,10
TWOWAY.6O5F.4-4.CGCAAG-CGCAAG.0,TWOWAY,12,0,0,0,0,0,0,0,0,0,0,10,4
SSTRAND.8H0I.1.C.0,SSTRAND,19,0,0,0,0,0,0,0,0,0,30,18,18
SSTRAND.5JCH.3.ADP.0,SSTRAND,1,0,0,0,0,0,0,0,0,0,0,0,0
